ac_name,ac_no,ADMK,DMK,INC,PMK,BJP,DMDK,NTK,MDMK,CPI,VCK,IUML,CPM
Gummidipoondi,1,0.4167615279825331,0.30761658611230336,0,0.200864948588277,0.009759829809468714,0.03072107040886782,0.005831638270476048,0,0,0,0,0
Ponneri,2,0.4856057233060795,0.38777523678458675,0,0.0485003642839796,0.01045798591435279,0,0.008196389541002186,0,0,0.028161175422974177,0,0
Tiruttani,3,0.4183508760886475,0,0.31430382763287457,0.13307015453511323,0.02484162061787068,0.07035686505492134,0.004842429937637416,0,0,0,0,0
Thiruvallur,4,0.36527123213281354,0.3901834720040341,0,0.15484086809798103,0.00885359089234111,0,0.007035356180058572,0,0,0.033969473051337254,0,0
Poonamallee,5,0.4331567959931163,0.3841416410055545,0,0.06594940559280295,0.014400780042252289,0,0.01067557826048911,0.06271589711109352,0,0,0,0
Avadi,6,0.39915488379652203,0.3940021866643027,0,0.045905175598008365,0.026712763914129103,0,0.015886559401917764,0.08439342227738132,0,0,0,0
Maduravoyal,7,0.4012075769216845,0,0.36740990438339965,0.06970317421368721,0,0,0.0248635341536704,0,0,0,0,0.07889073480371847
Ambattur,8,0.41098366081382387,0,0.3347834796544036,0.07244199414715718,0.04164489269788183,0.07242457497212931,0.021965579710144928,0,0.001754981884057971,0,0,0
Madavaram,9,0.3975505920704977,0.4543126995586451,0,0.053010963165846726,0.019206007785113017,0,0.013757917221771523,0,0.03491764600808282,0,0,0
Thiruvottiyur,10,0.40693251114115997,0.4325190333629729,0,0.02117741146263568,0.01743124575794087,0.07083515292458736,0.020840677466708056,0,0,0,0,0
Dr.Radhakrishnan Nagar,11,0.5586759762089475,0.33142545182886535,0,0.017303106054075798,0.016826135677958796,0,0.01444128379737379,0,0,0.02410711720254001,0,0
Perambur,12,0.4238582581181995,0.4211075836994716,0,0.019530318368039177,0.024284374155320355,0,0.01715064049904336,0,0,0,0,0.054488793254222734
Kolathur,13,0.31830334862276305,0.542475699313164,0,0.017955177412838367,0.03142453121657913,0.037288780093637855,0.016796587209164153,0,0,0,0,0
Villivakkam,14,0.37746195463873566,0.439567175714933,0,0.027937688227925694,0.04289597825217878,0.05486261027158125,0.020002132139335306,0,0,0,0,0
Thiru-Vi-Ka-Nagar,15,0.4281568340051301,0.4525027482594357,0,0.015067790399413705,0,0,0.013418834737999267,0,0,0,0,0.0417882008061561
Egmore,16,0.36789488954283583,0.4564181207775521,0,0.015037095370331993,0.059344303062958514,0.05239772868570481,0.012019728934388858,0,0,0,0,0
Royapuram,17,0.45206646085311625,0,0.3863016615213279,0.017409533480187034,0.02916874800396341,0,0.01954682804195976,0,0,0,0,0
Harbour,18,0.3572113816458489,0.4036052111514035,0,0.009698958153456514,0.1281394501045684,0,0.008653274237801952,0.01889905792513287,0,0,0,0
Chepauk-Thiruvallikeni,19,0.3746075940556155,0.47319806494274874,0,0.01747816099954756,0.043719764730449306,0.03833223123238089,0.012598754045870601,0,0,0,0,0
Thousand Lights,20,0.37145987092968547,0.433459969242221,0,0.027864581504603133,0.05980211091058475,0,0.014571322233379915,0.05480923856941216,0,0,0,0
Anna Nagar,21,0.40947610126790424,0.4158537946100857,0,0.03172403262842008,0.051867207733099996,0,0.016942583141982957,0.037490970807077716,0,0,0,0
Virugampakkam,22,0.38507870362264285,0.37146242244906297,0,0.02302453031709068,0.1118659499588535,0.05678800506598031,0.017077256199697674,0,0,0,0,0
Saidapet,23,0.37510266757133165,0.4718482543537002,0,0.03519265792950755,0.03571045959361497,0,0.016218500398766798,0,0.031074051589710626,0,0,0
Thiyagarayanagar,24,0.3747446859461058,0.3525235593244214,0,0.035715794959924496,0.14007409389922668,0.04373793861193673,0.014593399163274217,0,0,0,0,0
Mylapore,25,0.4366561627340968,0,0.3423257243870571,0.03718648323213691,0.0750646888530218,0,0.01508979581379858,0,0,0,0,0
Velachery,26,0.3490559587971878,0.3996023290527683,0,0.03879285787536605,0.08245120269823726,0.055001652214537206,0.022851836237052905,0,0,0,0,0
Shozhinganallur,27,0.3821294370503649,0.42526837085655933,0,0.045111759720217415,0.04314471921943205,0,0.031362725161051444,0,0,0.04376375843585568,0,0
Alandur,28,0.3581063332672802,0.4464439600547473,0,0.03315253206265525,0.05901464075540215,0.05664133605533717,0.01809702438282557,0,0,0,0,0
Sriperumbudur,29,0.4277129862540336,0,0.3823335111924181,0.07700874897307552,0.016680641309042864,0,0.01457174073227126,0,0.0014567505992157262,0.05792701001939511,0,0
Pallavaram,30,0.36116463113644687,0.44939969108772154,0,0.0371769557809589,0.04689813856467254,0,0.017865957548446682,0.0560620053820799,0,0,0,0
Tambaram,31,0.371311423169255,0.4326867922924943,0,0.03242336045548214,0.043878396464914704,0.061859743791294004,0.022251492426334687,0,0,0,0,0
Chengalpattu,32,0.3458446435577762,0.45110780145251306,0,0.08367163916180227,0,0.06981511286202727,0.016154603761800668,0,0,0,0,0
Thiruporur,33,0.3490834787537101,0.34436042378232185,0,0.13982728533715155,0.012951113895227725,0,0.009127925186809252,0.1269706325413516,0,0,0,0
Cheyyur,34,0.3733252923717289,0.3751226837891849,0,0.10578594487211324,0.009217543486229853,0,0.005433561554743576,0,0,0.10599288138399139,0,0
Madurantakam,35,0.39766358029896726,0.41428724020260965,0,0.091157472214258,0,0.06618544066472153,0.004570522658661225,0,0,0,0,0
Uthiramerur,36,0.36904911632867643,0.4302043034013674,0,0.12185256548927671,0.003954259381304302,0.04620345821615612,0.0046686421194025345,0,0,0,0,0
Kancheepuram,37,0.37028360819590206,0.4039631969729421,0,0.1343167701863354,0.016268651388591418,0.040096023416863,0.007844292139644464,0,0,0,0,0
Arakkonam,38,0.41208648400336073,0.38693552384233654,0,0.12167479645311621,0.012215835252446492,0,0.006274140025749361,0,0,0.031509722499259554,0,0
Sholingur,39,0.3679026266914301,0,0.32179338968275023,0.24081321305386044,0.006955236326422317,0.029218625630140622,0.003913504908463783,0,0,0,0,0
Katpadi,40,0.3743632990386237,0.5089897115871141,0,0.07155787935008714,0,0,0.006381064822623264,0,0,0,0,0
Ranipet,41,0.38705686214887125,0.4284530937077309,0,0.12503800945780164,0.007035681706179027,0.03096329072778937,0.0041941470677669315,0,0,0,0,0
Arcot,42,0.35936025015733164,0.41389041850220265,0,0.17229291220893644,0.01301919446192574,0,0,0.026485800818124607,0,0,0,0
Vellore,43,0.3622977714722762,0.5153229526094851,0,0.030272245867853036,0.030429883406605598,0,0.009569182445016611,0,0,0.015121526865523503,0,0
Anaikattu,44,0.3760007047604365,0.4242767946614397,0,0.1360573058329938,0.009635396592923765,0,0.003980795278105075,0,0,0,0,0
Kilvaithinankuppam,45,0.45762773413385305,0.3986418602399138,0,0.0789585174246184,0.01337561884933364,0.025238158643312796,0.004769225182477334,0,0,0,0,0
Gudiyattam,46,0.4856144993538064,0.42679036658666175,0,0.03848954807475332,0,0,0.004492584159025171,0,0.016103555090569675,0,0,0
Vaniyambadi,47,0.40308622667083727,0,0,0.053771475573164654,0.01120842456469607,0,0.0036087072371088634,0,0,0,0.31894484412470026,0
Ambur,48,0.4915846655284805,0,0,0.028825081483780848,0.03575973925190129,0.04372497283873972,0.0035635573490609964,0,0,0,0,0
Jolarpet,49,0.4557277285679574,0.3950321397804334,0,0.0967285900466082,0.0056382673234521,0.01937774734377416,0.004793355569790815,0,0,0,0,0
Tirupattur,50,0.4112841101420916,0.4542827100307575,0,0.0687516517377687,0.010295597802556187,0.022311814353109204,0.0038854495257052567,0,0.0006297689535151791,0,0,0
Uthangarai,51,0.3874518315099437,0.37298467466891083,0,0.13011028923240467,0.008808743411436417,0,0.004030650662178323,0,0,0.07014328741639722,0,0
Bargur,52,0.4288616156889437,0.42363976687795124,0,0.09788041859871528,0.006769260220359893,0,0.0036425320117411835,0,0,0,0,0
Krishnagiri,53,0.4135397717050157,0.43798352757731446,0,0.07864382384103312,0,0,0.004927733242708354,0,0.0009695540051576274,0,0,0
Veppanahalli,54,0.43307383938962885,0.46011638432691065,0,0.028325358851674642,0.01016940385361438,0.024083796715375663,0.0030415104099314623,0,0.0013293676451571188,0,0,0
Hosur,55,0.41587875352528214,0,0.30918408593557617,0.047897375378082155,0.13404202926158407,0.03614720927747397,0.014036082162885459,0,0.0016447444838336486,0,0,0
Thalli,56,0.1659096910483232,0.3930763137047795,0,0.027742276208080275,0.015357803010298389,0,0.002286770530763137,0,0.3600950620543966,0,0,0
Palacode,57,0.403370292476969,0.37167513389522533,0,0.1674657116974895,0,0.026037390009906392,0.002664660666324093,0,0,0,0,0
Pennagaram,58,0.2589075061988128,0.384942520099181,0,0.2925438926040023,0,0,0.003446289478297894,0,0.028171412828411853,0,0,0
Dharmapuri,59,0.2958414467215485,0.34247816614933774,0,0.2734147564055602,0.007740654340743025,0.04505581368447435,0.005846459349515124,0,0.0012435173224854923,0,0,0
Pappireddippatti,60,0.35560516205677495,0.2687804784578978,0,0.29470573018960117,0,0.04522548070935168,0.002816712494131849,0,0,0,0,0
Harur,61,0.33959207716662987,0.2795239147127815,0,0.14593392028779703,0.010245405871648416,0,0.0032976742718293416,0,0,0.17688577529531804,0,0
Chengam,62,0.3956597577030746,0.45597733872615887,0,0.0718335765174451,0.004201461005784138,0.038055541033160174,0.003165354106167688,0,0,0,0,0
Tiruvannamalai,63,0.3244744265914387,0.5714902489881025,0,0.03883723782656691,0.00949343799828284,0.02489881025389427,0.00827180179075187,0,0,0,0,0
Kilpennathur,64,0.3264482707933113,0.502161825158272,0,0.10511082838707062,0.006128128057094486,0,0.003933355973784385,0,0.023382179261684753,0,0,0
Kalasapakkam,65,0.4540754012450298,0,0.3119569135742687,0.1281885730580709,0,0.053438359186264855,0.0041752080878515434,0,0,0,0,0
Polur,66,0.2979602889931226,0.3402311536221221,0,0.08780158803151537,0.006294899700583505,0,0.0031883258223734633,0,0,0,0,0.02554748255106942
Arani,67,0.44894414087666135,0.41397790450738503,0,0.061452194039466466,0.006223006991338376,0.03352501849244792,0.004161397313226276,0,0,0,0,0
Cheyyar,68,0.3778478521764903,0,0.3364170387682022,0.1821605049243731,0.011602765617332238,0.052742052251315515,0.004732451302881742,0,0,0,0,0
Vandavasi,69,0.3424034032048315,0.4419647777116533,0,0.1337752650488219,0,0,0.003774603804359805,0,0,0.04267781965659371,0,0
Gingee,70,0.3302242518306272,0.4399474689589303,0,0.14184873447946514,0.007178247373447947,0,0.002890202164915632,0.05308818847500796,0,0,0,0
Mailam,71,0.3421158687233881,0.4139920916296266,0,0.15017142590137317,0,0,0.003924981455630771,0,0,0.06346554835845827,0,0
Tindivanam,72,0.3527148158721096,0.3532914644590351,0,0.1704139309163574,0.008615472452183843,0.08522980302597773,0.005184127890379675,0,0,0,0,0
Vanur,73,0.3678709840163277,0.30926227440548537,0,0.1561675877726053,0.009837870066732405,0,0.00456922053798702,0,0,0.13686449423257735,0,0
Villupuram,74,0.3673768548506594,0,0,0.1929256366291992,0.011578925086259817,0.13180817510213585,0.006514468364344531,0,0,0,0.24941258652441736,0
Vikravandi,75,0.3182151513964072,0.35690814332976933,0,0.23191164204504106,0.00722694626533137,0,0.003325178994273303,0,0,0,0,0.055873083403774136
Tirukkoyilur,76,0.2800921257920377,0.49797280803235017,0,0.09988431208142731,0.006251393031129602,0,0.0038845668071195833,0,0,0,0,0
Ulundurpettai,77,0.3603588950043081,0.34205366720005626,0,0.0889456470133113,0,0.15143135979180222,0.002303539714079727,0,0.0012045226749195519,0,0,0
Rishivandiyam,78,0.36657396909968126,0.47081043432284175,0,0.04142411933074729,0,0.0723905295962826,0.003975657991733479,0,0,0,0,0
Sankarapuram,79,0.3757692023906146,0.4472318551858137,0,0.06695688531444452,0,0.06563368503898276,0.0032612705674020513,0,0,0,0,0
Kallakurichi,80,0.421619041825949,0.40241625686064414,0,0.045555144839719446,0,0,0.005525947622813133,0,0,0.08184578816109003,0,0
Gangavalli,81,0.4222103522539365,0.40935669191560453,0,0.06088725487410573,0.011495559179684171,0.04042481858837033,0.005233519527676284,0,0,0,0,0
Attur,82,0.4434278433304067,0,0.35062744930081163,0.09830931323211341,0,0,0.008196458016574941,0,0,0.0456774525130094,0,0
Yercaud,83,0.4518300189606678,0.37367792025736185,0,0.08086590045200076,0.009997034587493148,0.04697482993808578,0.005683707304799475,0,0,0,0,0
Omalur,84,0.3923051540948987,0.3045073582788887,0,0.21435139356343078,0,0.042869398798917706,0.004153192987087265,0,0,0,0,0
Mettur,85,0.3504822376598225,0.3202183317756559,0,0.24058408085791091,0.006879474307957644,0.02838505785888406,0.004726025417441491,0,0,0,0,0
Edappadi,86,0.4374279839038485,0.24440711917888355,0,0.25119657513605503,0,0,0.004303238730034922,0,0,0,0,0.024095477832337665
Sankari,87,0.44566229506677846,0,0.27252470316821314,0.17569940193548686,0.014750096125783483,0,0.007046135743503982,0,0,0,0,0
Salem (West),88,0.39883345351099875,0.3630419107261036,0,0.1480753464573929,0,0.04426159879097976,0.006785922421201316,0,0,0,0,0
Salem (North),89,0.3999061620269002,0.4513762902721301,0,0.04157543530393077,0.030872693149827962,0,0.010186633302054009,0,0,0,0,0
Salem (South),90,0.5139042594585854,0.3600149578804279,0,0.031962362738707055,0.023679941785546443,0,0.009035368312538847,0,0.0004649070943811935,0.020127445183916237,0,0
Veerapandi,91,0.45855706808308905,0.3885051132460647,0,0.08329221451445931,0,0,0.005964647490784547,0,0.03136156503062142,0,0,0
Rasipuram,92,0.465037004532587,0.41349822602999964,0,0.03720253225521622,0.01270943816256308,0,0.01110938678967619,0,0,0.02323017728997319,0,0
Senthamangalam,93,0.48094167452097497,0.4160027801618602,0,0.01288457589367987,0,0.02953395430635488,0.011684051454056245,0,0,0,0,0
Namakkal,94,0.45811325800628466,0,0.38850859643799407,0.01414825062615395,0.01414825062615395,0,0.01403510576473069,0,0,0,0,0
Paramathi-Velur,95,0.41983731304119654,0.42450343969972504,0,0.021334124331169498,0.024659737829851803,0.03430572826942603,0.009372183496286494,0,0,0,0,0
Tiruchengodu,96,0.414031172832514,0.3948313359461725,0,0.011395301420448109,0.014153508076391564,0.03787861625246369,0.011146099997734532,0,0,0,0,0
Kumarapalayam,97,0.5520005143261256,0.29843237682960805,0,0.014856524441206095,0.010613333904806807,0.05241840430319525,0.015579795555365065,0,0.0013179606969119001,0,0,0
Erode (East),98,0.4383183126376522,0.38566255455417586,0,0.014261778972827628,0.03748868380872596,0.04577821616289911,0.015281925171262955,0,0,0,0,0
Erode (West),99,0.4345899760781974,0.4086826110145907,0,0.015842253402123918,0.022057697486890536,0,0.012927278776133116,0.03497969551188961,0.0004541445975275523,0,0,0
Modakkurichi,100,0.436205257080758,0.4236285630193122,0,0.015899160044375013,0.02293463741538183,0.027468360162104643,0.009695714188684371,0,0,0,0,0
Dharapuram (SC),101,0.40194958203716563,0.03842852534839348,0.456713920977962,0.008282716731087797,0.04238673453209484,0,0.007380638671266353,0.03842852534839348,0,0,0,0
Kangayam,102,0.45180232936430476,0,0.3805821241893856,0.008371830741535993,0.03882816058299174,0.06565163641095711,0.01556705055631466,0,0,0,0,0
Perundurai,103,0.4405282476421435,0.3704591716365911,0,0.008218892479548785,0.014402264859022402,0,0.008059781743963393,0,0,0,0,0
Bhavani,104,0.45381317808944166,0.32210108494310663,0,0.10969568668960042,0.013125165387668695,0.036660492193702036,0.009441651230484256,0,0,0,0,0
Anthiyur,105,0.42206968941095996,0.3907454254898839,0,0.06822698297568713,0.011569692359403472,0.034367057630276976,0.006492472623701948,0,0,0,0,0
Gobichettipalayam,106,0.47000899192681356,0,0.4151631252809977,0.005106828000078191,0.01538890083468538,0,0.008195359383857537,0,0,0,0,0.03680337001778838
Bhavanisagar,107,0.4223127839593795,0.3556430646498873,0,0.007555290993177343,0.01809708421732782,0,0.006364760291222126,0,0.1422785943597336,0,0,0
Udhagamandalam,108,0.40903999143805075,0,0.4833719810210125,0.005572401983518248,0.04151118404623452,0.02219685348364311,0.005336948378580857,0,0,0,0,0
Gudalur,109,0.3718601014531447,0.47391586254243107,0,0.005217590297112781,0.042320454632137,0,0.017903047408367977,0,0,0,0,0.06898813837293566
Coonoor,110,0.45710684362719656,0.42959887298880406,0,0.0034774227033439607,0.026299399421665308,0.02957662934677838,0.006094757915029288,0,0,0,0,0
Mettuppalayam,111,0.4440812104706279,0.3676249400980257,0,0.00887260925882872,0.052362628759590246,0,0.007159768647899753,0,0.0029512101384981094,0,0,0
Avanashi (SC),112,0.48111428306417536,0.32305139594562565,0,0.0076264286671270005,0.04164133112098196,0,0.007801630406777216,0,0.07737733301728314,0,0,0
Tiruppur (North),113,0.48560481614117157,0.31371808464650236,0,0.007963196381523565,0.03820969143751621,0,0.013337216339568895,0,0.09128553291985383,0,0,0
Tiruppur (South),114,0.4468099362840052,0.34975573504867025,0,0.006657895057441857,0.04653826005384793,0,0.015265036609285723,0,0,0,0,0.0828247018262003
Palladam,115,0.4700923661363388,0.33488817730263987,0,0.009631628047704293,0.05516334266239715,0,0.012232839985544154,0.06236605229318474,0,0,0,0
Sulur,116,0.4738012678243815,0,0.30192238212095474,0.007915691086284317,0.06342406426396273,0.061495582321779645,0.013480604914579041,0,0,0,0,0
Kavundampalayam,117,0.40701174743024965,0.37755139500734214,0,0.009298825256975037,0.08239353891336271,0,0.013711453744493392,0,0.00368575624082232,0,0,0.06194566813509545
Coimbatore (North),118,0.41052085428998,0.36962759818299257,0,0.011626306371173538,0.08863205599263031,0.06434175834648087,0.0164864836246969,0,0,0,0,0
Thondamuthur,119,0.5500703164239076,0,0,0.006604721245605224,0.09564540431943747,0.04002009040683074,0.01209442491210447,0,0,0,0,0
Coimbatore (South),120,0.38941465352725474,0,0.2759602170217478,0.007236229344831404,0.21567350341620367,0,0.016224525020679594,0,0,0,0,0.047208092071411356
Singanallur,121,0.3727715866356196,0.4002471742047727,0,0.015196439842784475,0.08807570107833725,0,0.02309434522704489,0.0585314881902711,0,0,0,0
Kinathukadavu,122,0.42810917885080463,0.4217049940141065,0,0.006082052416233551,0.05458942540230493,0,0.009356264033194063,0.04032424791695715,0,0,0,0
Pollachi,123,0.4658691939080514,0.38658846135598046,0,0.004430184561370214,0.031805997058404895,0.02901859847226835,0.0081190397115339,0,0,0,0,0
Valparai,124,0.486841098349137,0.4294887403212678,0,0.004034979094634173,0.017844347202994233,0,0.007089040857641764,0,0.0243072706149169,0,0,0
Udumalaipettai,125,0.4472903010655106,0.41619969713039245,0,0.010797246838730134,0.04012202255667871,0.03876074941093501,0,0,0,0,0,0
Madathukulam,126,0.43692580329244973,0.4466434267593154,0,0.014241244228885884,0.01526722007181831,0,0.005712820034510097,0,0,0,0,0
Palani,127,0.377057232850907,0.506623656785197,0,0.0024813393155554654,0.02072171526378156,0,0.004436027021278751,0,0,0,0,0.0490545590811955
Oddanchatram,128,0.29558533160167677,0.6425871371704309,0,0.001937554774198317,0.010078452490312226,0,0.003225738329796108,0,0.019449459913205992,0,0,0
Athoor,129,0.41260708739727464,0.5310226301188212,0,0.0029269101251025074,0.005954146528710764,0.016318287299565543,0.004418718266361908,0,0,0,0,0
Nilakkottai,130,0.48989635672993737,0.4052400295632545,0,0.012610217656596444,0.014695687546192585,0.04392091256495608,0.006898092711741081,0,0,0,0,0
Natham,131,0.4430295974610045,0.4532222925351793,0,0.00557941365434687,0,0.045277787170730055,0.0115597721860191,0,0,0,0,0
Dindigul,132,0.493007728442069,0.3812662132791138,0,0.014658691935562159,0.027392014842060414,0,0.012010635371779592,0,0,0,0,0.04668885065716027
Vedasandur,133,0.4913173984427724,0,0.39090341361214354,0.0024174296679055993,0,0.0626769004522608,0.004693842605183372,0,0.001113024909598203,0,0,0
Aravakurichi,134,,,0,,0,0,,,0,0,0,0
Karur,135,0.43859902683432095,0,0.436238377414848,0.007365654424477954,0.021385021385021383,0.03474597592244651,0.015887545299310007,0,0,0,0,0
Krishnarayapuram,136,0.4982053761590897,0,0,0.00787261433681975,0.03365587123796415,0,0.012007664971908945,0,0,0,0,0
Kulithalai,137,0.42388469979790955,0.4885101805775875,0,0.0047263086985810205,0.007806558160759686,0.036539255524891893,0.008925661139963927,0,0,0,0,0
Manapparai,138,0.44377925382120453,0,0,0.004010565363475694,0.02016935656159568,0.12777486453417236,0.008977645710734332,0,0,0,0.355036998193789,0
Srirangam,139,0.4809462751065935,0.4170168020622124,0,0.006868125773662423,0.026567401248508135,0,0.013731814773569252,0,0.025050024624094343,0,0,0
Tiruchirappalli (West),140,0.35465910167592785,0.51302787268076,0,0.009920690212514561,0,0.06392157081310645,0.017166138120530812,0,0,0,0,0
Tiruchirappalli (East),141,0.4787136569152918,0.05805311854358176,0.34760008383986585,0.011174656406264036,0.043177530915950536,0,0.024151869928436685,0.05805311854358176,0,0,0,0
Thiruverumbur,142,0.3785088102837655,0.46975427397140485,0,0.008187223995452757,0.017183332604608456,0.07189781819771764,0.018325608849634908,0,0,0,0,0
Lalgudi,143,0.44495478943765987,0.467992362837278,0,0.004473023764064507,0,0,0.009132173349184048,0,0,0,0,0.04073153451733372
Manachanallur,144,0.4616542940967283,0.41985797475106684,0,0.006734530583214794,0.02034806187766714,0.045524759957325744,0.009468349928876244,0,0.001972572901849218,0,0,0
Musiri,145,0.5230736824860013,0,0.33533049751622207,0.008326068258546947,0,0,0.014311709740271138,0,0.001363298597499254,0,0,0
Thuraiyur,146,0.4333339238996273,0.4809808125011073,0,0,0,0,0.009047475624376215,0,0.0034016618535513705,0.03709346892735444,0,0
Perambalur,147,0.45268796495769753,0.42199459854079985,0,0.018909586022492642,0.008872546165456638,0.05142583294890112,0.01129110998642917,0,0,0,0,0
Kunnam,148,0.3814693431653694,0.28980121339809994,0,0.18177074188954565,0,0,0.008120208345525839,0,0,0.09682312089112581,0,0
Ariyalur,149,0.4193852509498858,0.4097063644719014,0,0.06409478960384313,0,0.06442642056490966,0.005429272591174827,0,0,0,0,0
Jayankondam,150,0.37087209245336655,0.10490692910144189,0.22970231035395366,0.2584714611984042,0.0053519442456797265,0,0.006493888393338496,0.10490692910144189,0,0,0,0
Tittagudi (SC),151,0.3928616022375387,0.40667141144740787,0,0.07140895015482969,0,0.09150559384676855,0.004744780741184697,0,0,0,0,0
Vridhachalam,152,0.39222687373396353,0.3178068872383525,0,0.1584875084402431,0,0.1002727886563133,0.0045590817015530045,0,0,0,0,0
Neyveli,153,0.2292625642893476,0.3409863037785495,0,0.12401956782486923,0,0,0.00977763264485905,0,0,0,0,0.07959005532494771
Panruti,154,0.39011673361550697,0.3732510177122368,0,0.10064432642277518,0.007403014045776831,0.09925862022484026,0.006804518372738792,0,0,0,0,0
Cuddalore,155,0.4106944315760215,0.269323867321412,0,0.09789331047901417,0.011373112202353377,0,0.07236750671731677,0,0,0,0,0
Kurinjipadi,156,0.2909380728460987,0.4402858585053532,0,0.12063972795621795,0.005084880848011477,0.1119151988523153,0.008150686751149014,0,0,0,0,0
Bhuvanagiri,157,0.2885242122250516,0.3172791767529106,0,0.1764752114181521,0.004768042587527639,0,0.005716411497794126,0,0,0.1763756588806103,0,0
Chidambaram,158,0.3431212233104168,0.3342945392951547,0,0.1419888757992955,0.006324031907349123,0,0.007590010491211412,0,0,0,0,0.13664363288965473
Kattumannarkoil(SC),159,0.29330572808833677,0,0.22608453500902012,0.1567324107369874,0.004976208637535869,0,0.00638673979635078,0,0,0.29277904907195523,0,0
Sirkazhi,160,0.43046402341221823,0.37979570588400824,0,0.08379998311618876,0.0066803613135605145,0.0678729211807412,0.008047950023918733,0,0,0,0,0
Mayiladuthurai,161,0.42017458663002794,0.39187828682427633,0,0.07766973042118729,0.01140616856966883,0.07280759937461506,0.0099019282702421,0,0,0,0,0
Poompuhar,162,0.45479824443084077,0,0,0.08425590636964483,0,0,0.01009556023615103,0,0,0,0.35137841230973554,0
Nagapattinam,163,0.48276913693199147,0,0,0.007706097189059722,0.04466709808909617,0,0.011581460736839756,0,0.08247606721263918,0,0,0
Kilvelur,164,0.37576579254544007,0.4494993801158567,0,0.019118531998346976,0.008279622124426336,0,0.011259416076387127,0,0,0,0,0.11961951438783722
Vedaranyam,165,0.4144057001559914,0,0.2577467762920376,0.014175459629571603,0.2526242651716927,0.03129363841338392,0.009441223953188967,0,0,0,0,0
Thiruthuraipoondi,166,0.3352522491743537,0.41069923698895344,0,0.011416695137228107,0.022417720077439928,0,0.010499943058877121,0,0.18812208176745246,0,0,0
Mannargudi,167,0.43396932285821177,0.48707712041045376,0,0.010598043931377265,0.009320720431831542,0.031884987440542994,0.01027737694404361,0,0,0,0,0
Thiruvarur,168,0.26985949846286744,0.6172565359892274,0,0.009080515256993318,0.006372113112629894,0,0.007251200487817272,0,0.06686145481338449,0,0,0
Nannilam,169,0.4943229130950165,0,0.39010746789188555,0.024785211164121204,0,0,0.009110769321198703,0,0,0,0,0.05548262586086974
Thiruvidaimarudur,170,0.41640845946282085,0.4192852391999092,0,0.07413115303711154,0.0071432820163414065,0,0.007770549778563665,0,0,0.05743826008900713,0,0
Kumbakonam,171,0.4056146631572815,0.4504016904362194,0,0.04262102347651554,0.015538032167010014,0.042885816117398466,0.01555391972546299,0,0,0,0,0
Papanasam,172,0.45256042246422856,0,0.31908867804632207,0.02718736989723251,0.011821548305103315,0,0.021167035519425028,0,0,0,0,0
Thiruvaiyaru,173,0.4221051076195636,0.4927498399251342,0,0.007737772742944392,0,0,0.008895237157070383,0,0,0,0,0.042377973698468206
Thanjavur,174,,,0,,,,,0,0,0,0,0
Orathanadu,175,0.4484593635257717,0.4687067763563545,0,0.008021197291457203,0.0055715103070163256,0.03527882548341045,0.010504213350516323,0,0,0,0,0
Pattukkottai,176,0.4257700886129363,0,0.3512749412261137,0.02174332388932425,0.06654409548495992,0.0677014889384532,0.01772258725661583,0,0,0,0,0
Peravurani,177,0.45651247398037026,0.45036659110422056,0,0.0026004187847829176,0.028487248065127826,0,0.009895180268936422,0,0.03592407518360439,0,0,0
Gandharvakottai,178,0.4383804504072832,0.4175234444520501,0,0.0036279006092134985,0.010952152782531316,0,0.009802176740365529,0,0.0031829694024231637,0,0,0.09527003901704428
Viralimalai,179,0.4969316155073688,0.4473739791607998,0,0.0024347601614568668,0,0.01747747113489158,0.004781516943583967,0,0,0,0,0
Pudukkottai,180,0.3796936845937915,0.39193220657497563,0,0.003917031747336771,0,0.04586509437286384,0.009542993387439658,0,0,0,0,0
Thirumayam,181,0.4510165776478887,0.4558412274513756,0,0.005983573516073768,0.01424720346669354,0,0.014631411871409856,0,0,0,0,0
Alangudi,182,0.3988146442667746,0.46169416051006984,0,0.03487754275883008,0,0,0.009456279728772391,0.07202585770670984,0,0,0,0
Aranthangi,183,0.45217565670743937,0,0.4373564816911066,0.004049237695427466,0,0,0.0054011397375110775,0,0.041016319850967355,0,0,0
Karaikudi,184,0.373151895905242,0.07091455389734548,0.46395172704924137,0.004454818603958183,0.024677807851804026,0,0.02654019021131832,0.07091455389734548,0,0,0,0
Tiruppattur,185,0.3458402536614827,0.5572449544516583,0,0.003553273944335397,0,0,0.014097337561024713,0,0.037143288539936585,0,0,0
Sivaganga,186,0.4314784886607303,0.3964307971818191,0,0.006781379725575942,0,0,0.0164675560625746,0,0.07982381088189625,0,0,0
Manamadurai,187,0.4845409169801964,0.40428628410646716,0,0.0034874570131844204,0.01882795571414711,0,0.016154418343916087,0,0,0.04038874095794569,0,0
Melur,188,0.5154115048608414,0.40107593579167655,0,0.004324612610941386,0.011136167326566223,0,0.007762273841890772,0,0,0,0,0
Madurai East,189,0.3534104525977629,0.5062129032558876,0,0.005189464408107314,0.028819478442507915,0,0.015367901787171345,0,0.05408139952348314,0,0,0
Sholavandan,190,0.5233399870132993,0.3738907193189197,0,0.005152593732714461,0.01663019167408191,0,0.009337197277602752,0,0,0.044232942930665445,0,0
Madurai North,191,0.4564417495854063,0,0.3344022077114428,0.013208696102819236,0,0.11486836650082918,0.022938691956882255,0,0,0,0,0
Madurai South,192,0.427546364188226,0.26546439216702705,0,0.005893145807613344,0.10960296294275328,0,0.01769307896406136,0.13261624298313224,0.001207276398087456,0,0,0
Madurai Central,193,0.3875458935926623,0.42545827795396823,0,0.006625784632390678,0.045571186061507285,0.07392322775065469,0.019726020186601044,0,0,0,0,0
Madurai West,194,0.4480888261483332,0.3590563579107395,0,0.005033119774133999,0.030975133022043654,0,0.018753393419480943,0,0,0,0,0.10854055814963623
Thiruparankundram,195,0.47322766862467086,0.3568006886773344,0,0.006263925460806157,0.038981162649382214,0,0,0,0.0773496050232935,0,0,0
Thirumangalam,196,0.46991235465971254,0,0.3542773671104488,0.004132271916236937,0.015984980686653202,0.1009244916766338,0.009798827473971098,0,0,0,0,0
Usilampatti,197,0.528768035957559,0.36515915396318727,0,0.00307767270268389,0.014219941728070961,0,0.0071447749172160735,0.03519684178077424,0,0,0,0
Andipatti,198,0.5192564284599389,0.3672190082020452,0,0.004113610158653434,0.017446339289760283,0.05425735993837137,0.006636154454229164,0,0,0,0,0
Periyakulam,199,0.46940054919434226,0.3950520698409409,0,0.005310605668100098,0.02598310968343609,0,0.005429770478213564,0,0,0,0,0.07007408942541837
Bodinayakanur,200,0.49375679014183027,0.41632808973156926,0,0.0020091378566219694,0.01612271119511457,0.03417518689942901,0.006568144499178982,0,0,0,0,0
Cumbum,201,0.4693840747725188,0.4115683061798621,0,0.003931327995383395,0.020460423944518295,0,0.005693469770509372,0,0,0,0,0
Rajapalayam,202,0.4100171072365954,0.438150309336333,0,0.006286323584551931,0.020124437570303712,0,0.014142763404574429,0,0.0005800056242969628,0,0,0.07326232658417697
Srivilliputhur,203,0.4932150254716453,0,0,0.0062643452947433245,0.03077310642109388,0,0.021457761854111853,0,0.10868835022112747,0,0,0
Sattur,204,0.4064647406203286,0.38130261056388864,0,0.0043651492846952635,0.01936466616270412,0,0.00863935795929271,0.14460693763179283,0,0,0,0
Sivakasi,205,0.43672809643601096,0,0.35279052031280234,0.007683464047079714,0.03522441406472322,0.09891179383273953,0.018468770987239758,0,0,0,0,0
Virudhunagar,206,0.4084135979184464,0.4271293210822514,0,0.0036257637906186623,0.045732880330231436,0.06603976602085466,0.016048569584015338,0,0,0,0,0
Aruppukkottai,207,0.3846424391634174,0.49412100006670345,0,0.004954247494072489,0.019544112207338593,0,0.008513786391282465,0,0.0595298012843447,0,0,0
Tiruchuli,208,0.3776633162833399,0.5361030630372835,0,0.0015499994038463832,0.010605572844010445,0.034570948241942984,0.004739421254068748,0,0,0,0,0
Paramakudi,209,0.46893360708601317,0.4015466631954511,0,0.004082622818903136,0.056428947570839424,0,0.015709222585779455,0,0,0.022365672833991088,0,0
Tiruvadanai,210,0.4113925067908213,0.3648023830826846,0,0.002796693258469105,0.06344529035783744,0.02632213405911631,0.020032253052521043,0,0,0,0,0
Ramanathapuram,211,0.46302628988300637,0,0,0,0.07786965938176807,0.08472969192029098,0.020730355125853618,0,0,0,0,0
Mudhukulathur,212,0.40141482516381666,0.04329089513764537,0.4670792420157815,0.005573702748971841,0.02660422283004388,0,0.009804403864696274,0.04329089513764537,0,0,0,0
Vilathikulam,213,0.4679210707156648,0.34541706207663864,0,0.003665041395333617,0.042154520763113976,0,0.011557969828855656,0,0,0,0,0
Thoothukkudi,214,0.35430739677446593,0.46464683779447774,0,0.005641518196402938,0.032983619015452166,0,0.01970045596554927,0.09392679219792283,0,0,0,0
Tiruchendur,215,0.37381900148673924,0.529692820488226,0,0.003465061627739677,0.025712196057743032,0.03794782024842933,0.012235624190686299,0,0,0,0,0
Srivaikuntam,216,0.4196413629751683,0,0.3969143828121983,0.005187750215619891,0.06167372526807667,0,0.013600144175688375,0,0,0,0,0
Ottapidaram,217,0.4056921973876991,0,0,0.0066460924592412485,0.0369774618909567,0.08807631160572336,0.023641634714299073,0,0,0,0,0
Kovilpatti,218,0.38956082774278866,0.38697639592529304,0,0.006491271504223855,0,0,0.012499471640691517,0.1721666354683075,0,0,0,0
Sankarankovil,219,0.4436426116838488,0.36201904118077854,0,0.003633598107148893,0.023897245225621092,0,0.013948509943101798,0.11721593149681708,0,0,0,0
Vasudevanallur,220,0.4506149127781131,0,0,0.007304566268512929,0.04341887846250465,0,0.02443798130567598,0,0.08374642545744998,0,0,0
Kadayanallur,221,0.3686028706612906,0,0,0.00715281052469839,0.0756926304858083,0.08402168096345708,0.008906573697791105,0,0,0,0.37492913419202384,0
Tenkasi,222,0.4257872025644187,0,0.42350881518924915,0.006026383923067439,0.05777832573048946,0,0.014291702626063371,0,0,0,0,0
Alangulam,223,0.43520788719572123,0.45979847511457334,0,0.0034863391370017482,0.024104362579270247,0.04026359620537331,0.012905661938901131,0,0,0,0,0
Tirunelveli,224,0.428113263282272,0.43128349580115627,0,0.009937966831244462,0.0317392496940541,0.04557538928978352,0.011109001139384731,0,0,0,0,0
Ambasamudram,225,0.4579718763117392,0.3812147287906348,0,0.00763723706916655,0.0274649036891936,0,0.010365654587006203,0,0,0,0,0.07981204234877104
Palayamkottai,226,0.3336027624023589,0.436235838808132,0,0.008503181418447053,0.04567146034866277,0,0.016760643525942785,0.08143008638973669,0,0,0,0
Nanguneri,227,0.3340696932799907,0,0.4344639647474923,0.0038267524786919464,0.03831970777526526,0.05476894532382443,0.013480605322664811,0,0,0,0,0
Radhapuram,228,0.40615862306448697,0.40587263696691317,0,0.0029240619364177033,0.06496553575701687,0.04880440301861244,0.018238909284042558,0,0,0,0,0
Kanniyakumari,229,0.39590994836226445,0.4240725214839656,0,0.003391703664183228,0.11736628494121683,0.03293572912101522,0.008250604980850212,0,0,0,0,0
Nagercoil,230,0.2643834668020586,0.3886882370589186,0,0.003040548337218158,0.2677817267083612,0,0.010702499365350442,0.03348064895802082,0.0012462209503588655,0,0,0
Colachel,231,0.23455040220089113,0.07720462904817439,0.40187195358990463,0.004617086809604976,0.24620675219042493,0,0.01364193654495978,0.07720462904817439,0.005980682395861368,0,0,0
Padmanabhapuram,232,0.21876702153998515,0.471954691755385,0,0.002537756870512503,0.19803169101262688,0.08161054716513988,0.005112651646447141,0,0,0,0,0
Vilavancode,233,0.15296134797920302,0,0.4242594317221643,0.002454683944023338,0.21984840168003997,0,0.004526979936967664,0,0,0,0,0.15925224652921258
Killiyoor,234,0.16873160961160805,0,0.5046942383851037,0.004012448376426376,0.20265147808159298,0,0.00866427877055972,0,0.0010569376211074356,0,0,0
