,Unnamed: 0,Schedule No.,Constituency,2020 District,2011 District,Hindu%,Muslim%,Christian%,Sikh%,Buddhist%,Jain%,Others%,Population,Hindu,Muslim,Christian,Sikh,Buddhist,Jain,Others
0,202,1,Gummidipoondi,Tiruvallur,Thiruvallur,0.8966622585561749,0.03873186643209478,0.06286006909874994,0.000598384819416684,6.66070529048765e-05,0.0010177126221174247,6.310141854146195e-05,3708316,3325107,143630,233105,2219,247,3774,234
1,203,2,Ponneri,Tiruvallur,Thiruvallur,0.8965789506316277,0.03838719955833775,0.06272552836919773,0.00046311996208778147,0.0005086771644118997,0.0011451301507269475,0.00019139416361020072,3709622,3325969,142402,232688,1718,1887,4248,710
2,204,3,Tiruttani,Tiruvallur,Thiruvallur,0.8980048986946807,0.03842091233259485,0.06282363915920056,0.00017041991087929923,-2.8088226198806843e-05,0.0007324545139535016,-0.0001242363851101072,3702619,3324970,142258,232612,631,-104,2712,-460
3,205,4,Thiruvallur,Tiruvallur,Thiruvallur,0.8967465491252321,0.038619229583177886,0.0631117606847191,0.0004714560200809535,7.951945450193326e-05,0.001074186529458319,-0.00010270139717029347,3709784,3326736,143269,234131,1749,295,3985,-381
4,206,5,Poonamallee,Tiruvallur,Thiruvallur,0.8969661500122713,0.03851605925838024,0.06287747820153566,0.00020173524676158293,0.0003934916109961891,0.0008767931647351686,0.00016829250531982318,3707830,3325798,142811,233139,748,1459,3251,624
5,207,6,Avadi,Tiruvallur,Thiruvallur,0.8965558136833233,0.038502456436559196,0.06306493526096286,0.00021778688098189538,0.00031832463668269613,0.00103475722288304,0.00030592587860699415,3710049,3326266,142846,233974,808,1181,3839,1135
6,8,7,Maduravoyal,Chennai,Chennai,0.814222008007017,0.09538207018732252,0.07798917055293576,0.000513899382539145,0.0005629662437363764,0.01103201069918106,0.0002978749272681482,4605960,3750274,439326,359215,2367,2593,50813,1372
7,9,8,Ambattur,Chennai,Chennai,0.8140901537868515,0.09514356854254098,0.07782692077294519,0.0007164536477713322,0.0006671852509085353,0.011347141217550141,0.00020857678143236904,4607416,3750852,438366,358581,3301,3074,52281,961
8,10,9,Madavaram,Chennai,Chennai,0.8141978864139571,0.09522487723847443,0.07793322241788445,0.0006124512068240346,0.0005278105368518966,0.011077944507840547,0.00042580767816752517,4607714,3751591,438769,359094,2822,2432,51044,1962
9,11,10,Thiruvottiyur,Chennai,Chennai,0.814407098816683,0.09511945499911546,0.07799516601493608,0.0006407689227072487,0.0004903445109741446,0.011046969100047429,0.0003001976355366277,4606965,3751945,438212,359321,2952,2259,50893,1383
10,12,11,Dr. Radhakrishnan Nagar,Chennai,Chennai,0.8136059742920799,0.09549743721229782,0.07794935335407512,0.000805636592820984,0.0006809082565603308,0.011037915461953627,0.0004227748302121965,4610019,3750739,440245,359348,3714,3139,50885,1949
11,13,12,Perambur,Chennai,Chennai,0.8140332644394,0.09540464007369524,0.0777874151143826,0.0007091256461248139,0.00039612926359895484,0.011275249713376059,0.00039417574942230245,4607082,3750318,439537,358373,3267,1825,51946,1816
12,14,13,Kolathur,Chennai,Chennai,0.8137861153556805,0.09537872694157593,0.0779888637540967,0.000589394968818685,0.0007334355500831704,0.01109416175757276,0.00042930167217231416,4609812,3751401,439678,359514,2717,3381,51142,1979
13,15,14,Villivakkam,Chennai,Chennai,0.8142562484491359,0.09524536271278725,0.07797945554167844,0.0004400492108313326,0.000706640444625549,0.011153413051638158,0.0002188305893033958,4606303,3750711,438729,359197,2027,3255,51376,1008
14,16,15,Thiru. Vi. Ka. Nagar,Chennai,Chennai,0.8141526039374773,0.0952175437591513,0.07787879103491792,0.0006576783239118907,0.0005726206192027315,0.011158399144562512,0.0003623631807762644,4608636,3752133,438823,358915,3031,2639,51425,1670
15,17,16,Egmore,Chennai,Chennai,0.8144047075115501,0.09540959018733022,0.07770801837596494,0.0004981436281569446,0.00042152284352103977,0.011220061188099685,0.00033795626537706433,4607105,3752048,439562,358009,2295,1942,51692,1557
16,18,17,Royapuram,Chennai,Chennai,0.8141738985871548,0.09512755280318397,0.0778679576402547,0.0004976579906771057,0.00048485300966971396,0.011365397295153944,0.00048268267390574925,4607582,3751373,438308,358783,2293,2234,52367,2224
17,19,18,Harbour,Chennai,Chennai,0.8139475989601993,0.09523346580035419,0.07765802242137967,0.0005644297295836913,0.0006490616382871283,0.011361074226307026,0.0005863472238889403,4608191,3750826,438854,357863,2601,2991,52354,2702
18,20,19,Chepauk-Thiruvallikeni,Chennai,Chennai,0.8138855249792255,0.09535355323216226,0.07783743520632787,0.0006188436928374862,0.00044032691779183206,0.011297964453253874,0.0005663515184012185,4610211,3752184,439600,358847,2853,2030,52086,2611
19,21,20,Thousand Lights,Chennai,Chennai,0.8141272654582487,0.09512027097595883,0.07802648205713224,0.0004857460238497391,0.000574951392840911,0.01110313833603988,0.0005621457559297695,4607346,3750966,438252,359495,2238,2649,51156,2590
20,22,21,Anna Nagar,Chennai,Chennai,0.8136187211045858,0.09536896753995029,0.07792585592902662,0.0007555760339872547,0.0007210837602565704,0.011085903550057617,0.0005238920821358657,4609728,3750561,439625,359217,3483,3324,51103,2415
21,23,22,Virugambakkam,Chennai,Chennai,0.8134368518439018,0.09543936608788753,0.07764603798425107,0.0008263007786871206,0.0007742639938839432,0.01128981410292269,0.0005873652084658645,4612122,3751670,440178,358113,3811,3571,52070,2709
22,24,23,Saidapet,Chennai,Chennai,0.814223773127954,0.09513461196251785,0.07766305126235336,0.0007410927809099707,0.0004611485093510067,0.01136074617083979,0.00041557618607396604,4608060,3751992,438386,357876,3415,2125,52351,1915
23,25,24,T. Nagar,Chennai,Chennai,0.8139584192825429,0.09538447048161434,0.07771248109479093,0.0005614323534779834,0.0007545807085593151,0.011271617153049671,0.0003569989259649334,4607857,3750604,439518,358088,2587,3477,51938,1645
24,26,25,Mylapore,Chennai,Chennai,0.813605644936317,0.09537956200896078,0.0779653898833502,0.0005269133636422404,0.0008087002962775925,0.011254773999938393,0.0004590155115137837,4609866,3750613,439687,359410,2429,3728,51883,2116
25,27,26,Velachery,Chennai,Chennai,0.8141661595832685,0.09518794492770481,0.07799304348128015,0.00040602840419335544,0.0005956964027315664,0.011354472562375598,0.0002966546384459203,4608052,3751720,438631,359396,1871,2745,52322,1367
26,28,27,Sholinganallur,Chennai,Chennai,0.8138458357192159,0.09548882148507162,0.07787281769051493,0.00043331025383041275,0.0006353191903933143,0.011423160552406565,0.000300735108567327,4608707,3750777,440080,358893,1997,2928,52646,1386
27,29,28,Alandur,Chennai,Chennai,0.8138803856388461,0.0951184906734791,0.07800623345012915,0.0007693072241963072,0.0004578951320322167,0.011214741532303741,0.000552946349013312,4608042,3750395,438310,359456,3545,2110,51678,2548
28,74,29,Sriperumbudur,Kanchipuram,Kancheepuram,0.8889557260251659,0.04387479541426302,0.06454690999182788,0.00047785899062405973,0.0004273331320678072,0.0013782750371339923,0.0003391014089173364,3978161,3536409,174541,256778,1901,1700,5483,1349
29,2,30,Pallavaram,Chengalpattu,Kancheepuram,0.8894982845971839,0.043792248536884494,0.06456744514244142,0.00011793944450773106,0.00032967721055359367,0.0015108319458474377,0.0001835731225813298,3976617,3537194,174145,256760,469,1311,6008,730
30,3,31,Tambaram,Chengalpattu,Kancheepuram,0.8897727521363824,0.043883516827870415,0.06448191767530609,0.00018509990993984001,0.0003447988811515226,0.0012164786200801715,0.00011543594926954697,3976231,3537942,174491,256395,736,1371,4837,459
31,4,32,Chengalpattu,Chengalpattu,Kancheepuram,0.8894716551525901,0.043578459812138357,0.06466442194356405,0.0006372539034316399,0.0002736117785846978,0.0013293307551458756,4.5266654545262504e-05,3976437,3536928,173287,257134,2534,1088,5286,180
32,5,33,Thiruporur,Chengalpattu,Kancheepuram,0.8892958599253019,0.04382337987839313,0.06450338665723931,0.0006280993231714339,0.00022730255730463422,0.0012074191152398822,0.00031455254334966523,3977078,3536799,174289,256535,2498,904,4802,1251
33,6,34,Cheyyur,Chengalpattu,Kancheepuram,0.8895446519854183,0.04349534805481254,0.0644767498288931,0.0004943367514481854,0.0003117892023376144,0.0014221610713076992,0.00025496310578253305,3977046,3537760,172983,256427,1966,1240,5656,1014
34,7,35,Maduranthakam,Chengalpattu,Kancheepuram,0.8900284377118521,0.04350177531314813,0.06433463174986888,0.00035292445580331817,0.0003574523533118426,0.0014846472830728325,-5.98688670571559e-05,3975355,3538179,172935,255753,1403,1421,5902,-238
35,75,36,Uthiramerur,Kanchipuram,Kancheepuram,0.8896740447796171,0.04355909547627501,0.06453904311504083,0.0005808415816190544,0.00036535186930410654,0.0013017389039142184,-2.011572577035686e-05,3976988,3538223,173234,256671,2310,1453,5177,-80
36,76,37,Kancheepuram,Kanchipuram,Kancheepuram,0.8898604679714345,0.04362797362824031,0.06458821925210913,0.00018038380238992186,6.26437472734875e-05,0.0014463409762059424,0.00023397062234676056,3974858,3537069,173415,256729,717,249,5749,930
37,130,38,Arakkonam,Ranipet,Vellore,0.8644297644361494,0.10568715641161898,0.028345349837870674,0.00042074512588139617,0.0002528540841149382,0.0007847634300750346,7.93666742895983e-05,3931121,3398178,415469,111429,1654,994,3085,312
38,131,39,Sholingur,Ranipet,Vellore,0.8644816980846874,0.10567478722283494,0.028427375335203876,0.00024353016440449113,0.00018856410848874393,0.0006873301714279316,0.0002967149129525984,3929698,3397152,415270,111711,957,741,2701,1166
39,216,40,Katpadi (Vellore North),Vellore,Vellore,0.8649835524640751,0.10545467507205344,0.02830631116904808,0.00034880997240072917,-0.00011406340703323116,0.0010166410363475268,4.073693108329684e-06,3927640,3397344,414188,111177,1370,-448,3993,16
40,132,41,Ranipet,Ranipet,Vellore,0.8646344945817963,0.1055698390649202,0.028305526725546058,-5.904566928011622e-05,0.00014226952210165934,0.0011183046155897873,0.0002886111593260853,3929162,3397289,414801,111217,-232,559,4394,1134
41,133,42,Arcot,Ranipet,Vellore,0.8651451590024659,0.1055963907167303,0.02862790547838003,5.8572417026441375e-06,1.222380877073559e-05,0.000705415631144533,-9.295187919413522e-05,3926763,3397220,414652,112415,23,48,2770,-365
42,217,43,Vellore (Vellore south),Vellore,Vellore,0.86446721437614,0.10535831610241941,0.028571225081732907,0.00018619307153196964,0.00028666610876575105,0.0008396493567309177,0.00029073590267901815,3931403,3398569,414206,112325,732,1127,3301,1143
43,218,44,Anaikattu,Vellore,Vellore,0.8652685364695579,0.10537505744214733,0.02840423487059764,-1.3493335437954207e-05,5.346415928246007e-06,0.0011268208046865155,-0.00016650266747966134,3927865,3398658,413899,111568,-53,21,4426,-654
44,219,45,K. V. Kuppam,Vellore,Vellore,0.8650285409013256,0.10578199930688019,0.028216240138257284,5.678387826758753e-05,-0.00012298929687553712,0.0008143266488777799,0.0002250984232670286,3927171,3397115,415424,110810,223,-483,3198,884
45,220,46,Gudiyattam,Vellore,Vellore,0.865130010005177,0.10546663621059205,0.028321093607356518,0.00012808867505125456,-0.0001252875310640502,0.0010868438670352972,-7.384834148084259e-06,3926967,3397337,414164,111216,503,-492,4268,-29
46,190,47,Vaniyambadi,Tirupattur,Vellore,0.8647335040656883,0.10573843440144126,0.028394539856113496,-7.991149674487898e-05,4.759060474933876e-05,0.0009108383657640824,0.0002550042029884355,3929347,3397838,415483,111572,-314,187,3579,1002
47,191,48,Ambur,Tirupattur,Vellore,0.8645132185390831,0.10569589752279931,0.028311555605087017,6.64094762505973e-05,4.452742660480662e-05,0.0010689126809531008,0.00029947874922204226,3930162,3397677,415402,111269,261,175,4201,1177
48,192,49,Jolarpet,Tirupattur,Vellore,0.8650431157595904,0.1056841422491677,0.028421984073363743,2.367459196968023e-05,-4.938570797976306e-05,0.0006539787824742851,0.0002224902514139841,3928262,3398116,415155,111649,93,-194,2569,874
49,193,50,"Tirupattur, Vellore",Tirupattur,Vellore,0.8645194370297237,0.10564115352416238,0.028382363793204357,0.00015852941700361588,0.0002954296198093067,0.0007585492649884093,0.0002445373511083064,3929870,3397449,415156,111539,623,1161,2981,961
50,87,51,Uthangarai,Krishnagiri,Krishnagiri,0.9197974200121078,0.06183810135933412,0.018626904521246095,-0.00024962462963012353,5.653891183930148e-05,-0.0002336230508076797,0.00016428287591042316,1874815,1724450,115935,34922,-468,106,-438,308
51,88,52,Bargur,Krishnagiri,Krishnagiri,0.9202241035750212,0.06111003137407335,0.018899195038240488,0.0002771127309539726,-0.0004549133849186602,-0.00011105866674070578,5.552933337035289e-05,1872884,1723473,114452,35396,519,-852,-208,104
52,89,53,Krishnagiri,Krishnagiri,Krishnagiri,0.9193320633389684,0.06193169663743119,0.018634882310358383,0.00017870965229503202,-9.869040499874903e-05,0.00039369469669771237,-0.0003723562307520369,1874549,1723333,116094,34932,335,-185,738,-698
53,90,54,Veppanahalli,Krishnagiri,Krishnagiri,0.9176680385110385,0.061786244673209416,0.018979162484484884,0.000640572692221062,0.00012992496833078896,0.0006235333521121061,0.0001725233186031788,1878007,1723387,116035,35643,1203,244,1171,324
54,91,55,Hosur,Krishnagiri,Krishnagiri,0.9193342115330133,0.061927482901516256,0.01880339691477675,-0.00010297238046000377,-0.00016539605151606824,-0.00012698148471233626,0.0003302585673820846,1874289,1723098,116070,35243,-193,-310,-238,619
55,92,56,Thalli,Krishnagiri,Krishnagiri,0.9195596102891264,0.06181069129368077,0.018739011986632817,-2.132947696389826e-05,-0.0002234262711968343,0.00018449997573771995,-4.9057797016966e-05,1875339,1724486,115916,35142,-40,-419,346,-92
56,49,57,Palacode,Dharmapuri,Dharmapuri,0.9649907340530361,0.02545361278906665,0.009830741149508994,-0.0001581423719893978,-0.0003216004539616325,-4.119675236698598e-05,0.0002458515867062067,1504973,1452285,38307,14795,-238,-484,-62,370
57,50,58,Pennagaram,Dharmapuri,Dharmapuri,0.9657423521111119,0.02520712789960772,0.009909022656889534,0.0002985807108880881,-0.000277301016570897,-0.0002719810929915992,-0.0006078012689347717,1503781,1452265,37906,14901,449,-417,-409,-914
58,51,59,Dharmapuri,Dharmapuri,Dharmapuri,0.9655953877152034,0.025424754457012522,0.008785019384097726,-0.00010772637500748099,-0.0004608294930875576,0.00017555409260478386,0.0005878402191766247,1503810,1452072,38234,13211,-162,-693,264,884
59,52,60,Pappireddippatti,Dharmapuri,Dharmapuri,0.9660880008298954,0.02475189585876883,0.008916720530069078,-0.00012169139063335381,1.861944774717982e-05,-0.00016824001000130336,0.000514694734154185,1503804,1452807,37222,13409,-183,28,-253,774
60,53,61,Harur,Dharmapuri,Dharmapuri,0.9647454256667107,0.02592503848035295,0.009259843105030953,0.0006199335861299484,-8.296755703023935e-05,-0.0005270099222560804,5.9736641061772336e-05,1506613,1453498,39059,13951,934,-125,-794,90
61,208,62,Chengam,Tiruvannamalai,Tiruvannamalai,0.9323579987577443,0.037161238534625746,0.02680477451921495,6.987180554839009e-05,0.00031970413352664533,0.003365221146295718,-7.88088969557423e-05,2461651,2295140,91478,65984,172,787,8284,-194
62,209,63,Tiruvannamalai,Tiruvannamalai,Tiruvannamalai,0.9313208169084178,0.03741085284534133,0.027470049519318786,0.0004996990034029056,0.00010310604944300408,0.003277473398436279,-8.199772436018434e-05,2463483,2294293,92161,67672,1231,254,8074,-202
63,210,64,Kilpennathur,Tiruvannamalai,Tiruvannamalai,0.9325153124819596,0.03715772039363222,0.027375457260429684,-3.171043655514079e-05,5.6103080059095246e-05,0.002840523336035496,8.659388443903831e-05,2459758,2293762,91399,67337,-78,138,6987,213
64,211,65,Kalasapakkam,Tiruvannamalai,Tiruvannamalai,0.9319035344751253,0.03715183482549397,0.027282128434941336,8.448491416251485e-05,0.0004983797580644506,0.003060953428503423,1.868416370901771e-05,2461978,2294326,91467,67168,208,1227,7536,46
65,212,66,Polur,Tiruvannamalai,Tiruvannamalai,0.9314148316963999,0.03750224288427204,0.027011633769677502,0.0001465486375036231,0.0003434353111580752,0.0035999814885931576,-1.8673787604339788e-05,2463346,2294397,92381,66539,361,846,8868,-46
66,213,67,Arani,Tiruvannamalai,Tiruvannamalai,0.9312212779326038,0.03748470794715911,0.02682512223494925,0.0004395830982531138,0.0003080734732909634,0.003577548871655536,0.00014368644208827543,2463698,2294248,92351,66089,1083,759,8814,354
67,214,68,Cheyyar,Tiruvannamalai,Tiruvannamalai,0.9325871877168034,0.0371449810137669,0.026963174064110595,0.00013534016103447028,-0.0002747445911690748,0.0032209332618563873,0.00022312837359736993,2460467,2294600,91394,66342,333,-676,7925,549
68,215,69,Vandavasi,Tiruvannamalai,Tiruvannamalai,0.9330816509561681,0.036906729806798676,0.026851495743001014,6.911372622996007e-06,0.00018254154751324748,0.002876757216489397,9.39133574065928e-05,2459714,2295114,90780,66047,17,449,7076,231
69,221,70,Gingee,Viluppuram,Viluppuram,0.9200649919107848,0.0385906132648061,0.03990882354730996,5.6217365312320786e-05,0.00014807769935358723,0.0013179205022702833,-8.66442898370305e-05,3450891,3175044,133172,137721,194,511,4548,-299
70,222,71,Mailam,Viluppuram,Viluppuram,0.9197235557698504,0.03911724684681343,0.04004883063777704,-6.606566231405993e-05,-0.00011155824557418015,0.0009118799969401167,0.0003761106565072359,3451112,3174069,134998,138213,-228,-385,3147,1298
71,223,72,Tindivanam,Viluppuram,Viluppuram,0.9199994319726373,0.03900811989318767,0.04036414031666946,-3.796509413894297e-05,-0.00016142410256023842,0.0009705732845138932,-0.0001428762703091518,3450538,3174493,134599,139278,-131,-557,3349,-493
72,224,73,Vanur,Viluppuram,Viluppuram,0.9201858226857321,0.038740406287822236,0.040189881215529674,-0.00014233843790087042,-0.00015509381726469586,0.0008780919112051659,0.00030323015487639603,3449525,3174204,133636,138636,-491,-535,3029,1046
73,225,74,Villupuram,Viluppuram,Viluppuram,0.9194651934840504,0.0390245357051558,0.03988438118194881,2.084473883134551e-05,-0.00014678170260405796,0.0013951499503924167,0.00035667664222524537,3454109,3175933,134795,137765,72,-507,4819,1232
74,226,75,Vikravandi,Viluppuram,Viluppuram,0.9197964935512171,0.038741934857893914,0.04005888781049548,0.00017146165558392976,-4.807877504549382e-05,0.001395732632194185,-0.00011643173233908744,3452667,3175751,133763,138310,592,-166,4819,-402
75,69,76,Tirukkoyilur,Kallakurichi,Viluppuram,0.9195570451219307,0.03906086662415727,0.040299083152205074,-2.3165884528490274e-05,0.00015579057345409709,0.0010942984704145594,-0.00014391805763324582,3453354,3175556,134891,139167,-80,538,3779,-497
76,70,77,Ulundurpettai,Kallakurichi,Viluppuram,0.9199745866416398,0.03853132352932652,0.04027153570536272,-2.4056897170387178e-05,0.00022288860149431011,0.0009927093109466999,3.101310840037865e-05,3450154,3174054,132939,138943,-83,769,3425,107
77,71,78,Rishivandiyam,Kallakurichi,Viluppuram,0.9201588686806876,0.03854547308863292,0.03984030846577219,0.00010111826955059448,-0.00012748435129587843,0.0011482283731490141,0.00033348747350353655,3451404,3175840,133036,137505,349,-440,3963,1151
78,72,79,Sankarapuram,Kallakurichi,Viluppuram,0.9198762407281198,0.03880713996690523,0.040225818383094726,-0.0002383773655622621,0.00024330132086549232,0.0010262102140790944,5.966675249796597e-05,3452509,3175881,133982,138880,-823,840,3543,206
79,73,80,Kallakurichi,Kallakurichi,Viluppuram,0.9193861729309086,0.03863371657697474,0.039951360991410834,0.00020217977605548415,0.0002754627034796066,0.0012489959804459136,0.0003021110407247421,3452373,3174064,133378,137927,698,951,4312,1043
80,134,81,Gangavalli,Salem,Salem,0.9557355132107747,0.02766077784010962,0.015390058121890433,0.00020950780323165068,0.0001390970874679272,0.0005609866006970948,0.0003040593358286508,3479584,3325562,96248,53551,729,484,1952,1058
81,135,82,Attur,Salem,Salem,0.9562920641709263,0.02771521564677938,0.015427074207693245,-0.00013106431118806348,4.340068199429295e-05,0.00046044961956859145,0.00019285998422629517,3479208,3327139,96427,53674,-456,151,1602,671
82,136,83,Yercaud,Salem,Salem,0.9564741662658618,0.027664883192555695,0.015551901914002835,0.00010867012206989559,-9.659566406212942e-05,0.0004987901105589123,-0.00020181594098694894,3478417,3327016,96230,54096,378,-336,1735,-702
83,137,84,Omalur,Salem,Salem,0.956835991730603,0.027319797494723727,0.015219258430166898,-0.00016717187484264695,0.00023709057636891754,0.0003723242789094409,0.0001827093640707071,3475465,3325450,94949,52894,-581,824,1294,635
84,138,85,Mettur,Salem,Salem,0.9561579617307076,0.02748629091883327,0.015433280555239346,6.812858537460374e-05,0.0002285325965097467,0.0005113955838878483,0.00011441002944764678,3478716,3326202,95617,53688,237,795,1779,398
85,139,86,Edapadi,Salem,Salem,0.9566488423388025,0.027566894423564574,0.015310979745709323,-0.00011443914324761611,0.00027344629454392695,0.00025073098721588256,6.354535341136472e-05,3477831,3327063,95873,53249,-398,951,872,221
86,140,87,Sankagiri,Salem,Salem,0.9561914402161027,0.02739536657587664,0.015237435036558866,0.0003006216199826582,0.00016151945547825423,0.0003787947372248026,0.00033482235877609637,3479457,3327027,95321,53018,1046,562,1318,1165
87,141,88,Salem (West),Salem,Salem,0.9561028058818153,0.02755872244515761,0.01574180575937809,0.00023682693297050528,0.0001497413010650889,0.0002126843815511819,-2.586701937784645e-06,3479334,3326601,95886,54771,824,521,740,-9
88,142,89,Salem (North),Salem,Salem,0.956817235945303,0.027632953839808537,0.015454608469158805,-0.00015301307772863017,9.347603432670075e-05,0.00013201692232601736,2.272186680556726e-05,3476827,3326688,96075,53733,-532,325,459,79
89,143,90,Salem (South),Salem,Salem,0.9563345522048808,0.027373859446484523,0.01576798252461968,0.0002809241570909484,0.00022226650300031026,0.00019581305115551266,-0.00017539788723181017,3477807,3325947,95201,54838,977,773,681,-610
90,144,91,Veerapandi,Salem,Salem,0.9564855546650309,0.027621600465411747,0.015552930952325492,-0.00018347299424188124,7.534470923412678e-05,0.00012049401972938596,0.0003275481825101924,3477351,3326036,96050,54083,-638,262,419,1139
91,109,92,Rasipuram,Namakkal,Namakkal,0.9718556994532662,0.019235618459965256,0.009744760709533853,-0.00041310069547332277,-4.067095454730322e-06,-0.00031723344546896515,-0.00010167738636825806,1721130,1672690,33107,16772,-711,-7,-546,-175
92,110,93,Senthamangalam,Namakkal,Namakkal,0.9704285520467456,0.019023758970927757,0.00973713108889582,0.0002846809196527241,0.0002145253366018491,-0.00021626473122294518,0.0005276163683991423,1724738,1673735,32811,16794,491,370,-373,910
93,111,94,Namakkal,Namakkal,Namakkal,0.9715368079741997,0.018511701044157492,0.00948579511472261,0.0005493120824270071,-0.0002479453057043679,0.00032343216692583824,-0.00015910307672832976,1722154,1673136,31880,16336,946,-427,557,-274
94,112,95,Paramathi Velur,Namakkal,Namakkal,0.9709841855286279,0.01921223403329912,0.009835476144910895,-0.00026096487412794237,3.769492626292501e-05,0.0006054385079768263,-0.0004140642669496686,1724370,1674336,33129,16960,-450,65,1044,-714
95,113,96,Tiruchengodu,Namakkal,Namakkal,0.9712827794705632,0.018524544615579158,0.010237339927365873,-0.00046926216789840733,2.5522293433287916e-05,-0.000220999859047334,0.0006200757200041996,1723983,1674475,31936,17649,-809,44,-381,1069
96,114,97,Kumarapalayam,Namakkal,Namakkal,0.9716486897558613,0.01876381806239623,0.009348806659500294,0.0004895666551098738,-9.988785845658159e-05,4.7040212412692494e-05,-0.00019803348682380422,1721931,1673112,32310,16098,843,-172,81,-341
97,61,98,Erode (East),Erode,Erode,0.9390886402318352,0.03399620177978313,0.025153664554472675,0.0002792286718570349,0.0003196258247012164,0.0006654432100376714,0.0004971957273130033,2252634,2115423,76581,56662,629,720,1499,1120
98,62,99,Erode (West),Erode,Erode,0.9407564099997553,0.03405824663957417,0.024457538408838648,0.000553416479265789,0.00030873877541033563,1.8684479203507343e-05,-0.00015303478204777444,2247855,2114684,76558,54977,1244,694,42,-344
99,63,100,Modakkurichi,Erode,Erode,0.9404001252281322,0.033558560161088914,0.025131009260478072,-0.0001672080174465557,-7.38205608939581e-05,0.0007524360785095006,0.00039889785013180973,2248696,2114674,75463,56512,-376,-166,1692,897
100,64,101,Perundurai,Erode,Erode,0.9401223842260331,0.03393073781601483,0.02470392704940252,0.00013820440920947968,2.133058405805474e-05,0.000595034417786152,0.0004883814974958783,2250290,2115548,76354,55591,311,48,1339,1099
101,65,102,Bhavani,Erode,Erode,0.9401141127826663,0.034034806042477536,0.024916356831906444,0.00028565957819231245,-0.0002474531649348647,0.0004709162564290065,0.00042560167326319645,2250931,2116132,76610,56085,643,-557,1060,958
102,66,103,Anthiyur,Erode,Erode,0.9418116176489568,0.03342102417142839,0.024883962812913208,5.3406702274101885e-06,-0.00017134650312941021,-1.6022010682230565e-05,6.542321028577481e-05,2246909,2116165,75094,55912,12,-385,-36,147
103,67,104,Gobichettipalayam,Erode,Erode,0.9412502174393717,0.03375593314745882,0.02503077517858946,-0.00020064482173975522,7.296175335991099e-05,0.0004355460764594686,-0.00034478877349957934,2247753,2115698,75875,56263,-451,164,979,-775
104,68,105,Bhavanisagar,Erode,Erode,0.940666116245559,0.033462313271417625,0.024716041840896288,0.0005722067573749981,0.00048017350269230616,1.8673413993589683e-05,8.447496806623905e-05,2249187,2115734,75263,55591,1287,1080,42,190
105,194,106,Dharapuram,Tiruppur,Tiruppur,0.9221010189625528,0.05006274180684264,0.028016310846502503,-0.00010156848447276852,3.3991046596464365e-05,-1.5781557348358455e-05,-9.67126206732736e-05,2471239,2278732,123717,69235,-251,84,-39,-239
106,195,107,Kangayam,Tiruppur,Tiruppur,0.9210282917202564,0.050433101680403006,0.028169691327420185,-0.00017132538367390314,-0.00018829629432084638,0.0005091273194082971,0.00021940963050690897,2474823,2279382,124813,69715,-424,-466,1260,543
107,196,108,Avanashi,Tiruppur,Tiruppur,0.9201203366422411,0.05047897681557626,0.028183917085276,0.0005692252601985184,0.0001465452265617462,0.00023536051538704695,0.00026563845475930856,2477051,2279185,125039,69813,1410,363,583,658
108,197,109,Tiruppur (North),Tiruppur,Tiruppur,0.9206269552959201,0.050362241107002034,0.02867949167053534,0.00021696890799184973,4.040389348079138e-05,3.999985454598347e-05,3.393927052386476e-05,2475009,2278560,124647,70982,537,100,99,84
109,198,110,Tiruppur (South),Tiruppur,Tiruppur,0.9203869315090515,0.049974008264846694,0.028269798653922974,0.0004552087881550392,0.000356250355947422,0.0001357144213133036,0.000422088006763102,2475787,2278682,123725,69990,1127,882,336,1045
110,199,111,Palladam,Tiruppur,Tiruppur,0.9215348042979761,0.04982792649301213,0.02856650698665748,-0.00011605004466107119,2.0622133371827983e-05,0.00047754391200252643,-0.0003113537783589715,2473071,2279021,123228,70647,-287,51,1181,-770
111,200,112,Udumalaipettai,Tiruppur,Tiruppur,0.9203503880438175,0.049988877274960625,0.028417250357400812,0.00036900801038067173,0.00038273478538389147,0.0004889154273205618,2.8261007359570047e-06,2476911,2279626,123818,70387,914,948,1211,7
112,201,113,Madathukulam,Tiruppur,Tiruppur,0.9201363701720743,0.0504247330676261,0.028598800924751647,0.00037238863479580015,-8.239401464028551e-05,0.0001639802448233133,0.00038612097056918106,2475908,2278173,124847,70808,922,-204,406,956
113,115,114,Udhagamandalam,Nilgiris,The Nilgiris,0.7788792690766349,0.10625880486370413,0.1146649706618522,-0.00025440072216979196,-0.00033236223380247017,0.001315771477028709,-0.0005320531232475757,731130,569462,77689,83835,-186,-243,962,-389
114,116,115,Coonoor,Nilgiris,The Nilgiris,0.7761278600012531,0.10584762823184568,0.11392060236073541,0.001110085020253944,0.0017202912645162345,0.0006755854847189646,0.0005979476366766642,734178,569816,77711,83638,815,1263,496,439
115,117,116,Gudalur,Nilgiris,The Nilgiris,0.7760174834220667,0.10630982693590774,0.1146144524175869,-0.0006372462248607726,0.0014732914856823846,0.001410656172982394,0.0008115357906346591,734410,569915,78075,84174,-468,1082,1036,596
116,30,117,Mettupalayam,Coimbatore,Coimbatore,0.8815868054489562,0.06136708162717967,0.055239409875986835,0.00035392611806766763,6.835234358753647e-05,0.0010890034402082083,0.00029542114601392884,3452698,3043853,211882,190725,1222,236,3760,1020
117,31,118,Sulur,Coimbatore,Coimbatore,0.8824571177144752,0.061155191294210536,0.055008860802788155,8.231822021051435e-05,8.05791028821232e-05,0.000873906457516552,0.0003420264079169258,3450026,3044500,210987,189782,284,278,3015,1180
118,32,119,Kavundampalayam,Coimbatore,Coimbatore,0.8821046883283531,0.06134447229313219,0.055309677439925244,0.00038579788422759116,0.0001428988406643144,0.0008057987364032332,-9.333352270569825e-05,3449993,3043255,211638,190818,1331,493,2780,-322
119,33,120,Coimbatore North,Coimbatore,Coimbatore,0.8825167844758525,0.06098378882225208,0.05509806353928396,0.0004959115555797731,-0.00013477432691092606,0.0008182105911172994,0.00022201534282531045,3450212,3044870,210407,190100,1711,-465,2823,766
120,34,121,Thondamuthur,Coimbatore,Coimbatore,0.8819402245850216,0.061298908935031385,0.055110800877022754,0.00015032193223058632,0.00016422453867965788,0.0011255318471060855,0.00020998728490785178,3452590,3044978,211640,190275,519,567,3886,725
121,35,122,Coimbatore (South),Coimbatore,Coimbatore,0.8825339867164252,0.06106344563995522,0.055087663649007905,0.0004117229707494025,0.000141493527975851,0.0007715456515240564,-9.85815563766175e-06,3448921,3043790,210603,189993,1420,488,2661,-34
122,36,123,Singanallur,Coimbatore,Coimbatore,0.8822739108286977,0.061377280664648974,0.05490874732072369,0.0003409526786094813,-0.0001380046556276472,0.0010202487041043918,0.0002168644588434456,3449159,3043103,211700,189389,1176,-476,3519,748
123,37,124,Kinathukadavu,Coimbatore,Coimbatore,0.8820712476069088,0.0613784784953622,0.05515571684347865,0.0003657379473117102,7.245204978441168e-06,0.001010561190392974,1.1012711567230576e-05,3450558,3043638,211790,190318,1262,25,3487,38
124,38,125,Pollachi,Coimbatore,Coimbatore,0.8828300051181005,0.060894087216492754,0.0549730393542784,0.00010845153535766534,0.0003465229538834494,0.0007423420602022012,0.00010555176168500049,3448545,3044479,209996,189577,374,1195,2560,364
125,39,126,Valparai,Coimbatore,Coimbatore,0.8823889072821763,0.06092059724131613,0.055244125953882006,7.711651493654123e-05,0.00014466594343358674,0.0011405126682720043,8.40743959834472e-05,3449326,3043647,210135,190555,266,499,3934,290
126,54,127,Palani,Dindigul,Dindigul,0.8713563743978283,0.04917411153017441,0.07872688198361574,9.364025084461653e-05,0.00046541986063363853,-0.0001705921401525687,0.00035416411705587635,2157192,1879683,106078,169829,202,1004,-368,764
127,55,128,Oddanchatram,Dindigul,Dindigul,0.8728489825476811,0.04847886990490471,0.07874410151544341,0.00019265094665889873,0.0004094412890437318,-0.000434973342215393,-0.0002390728615164647,2154155,1880252,104431,169627,415,882,-937,-515
128,56,129,Athoor,Dindigul,Dindigul,0.8731140627490822,0.04843169122844851,0.07901892920267199,-0.0002463227041213506,5.391213901523901e-05,3.2068427517685273e-05,-0.0004043410426142926,2151649,1878635,104208,170021,-530,116,69,-870
129,57,130,Nilakottai,Dindigul,Dindigul,0.8723043999172191,0.04869457645773765,0.07873096479676449,-0.0002788751817792886,0.00039905600054939805,-0.0003178527446236484,0.0004677307541323177,2155086,1879891,104941,169672,-601,860,-685,1008
130,58,131,Natham,Dindigul,Dindigul,0.8714328847340986,0.04895277115966234,0.07888572012954759,-0.00011455768443207449,0.0004452444415173745,0.0004661152747135014,-6.817805510734798e-05,2156119,1878913,105548,170087,-247,960,1005,-147
131,59,132,Dindigul,Dindigul,Dindigul,0.8724067444250835,0.04836087825092287,0.07919618184054034,-0.0003071975646936261,0.00034432113746626973,-0.00017726505998937338,0.0001763369706700573,2154965,1880006,104216,170665,-662,742,-382,380
132,60,133,Vedasandur,Dindigul,Dindigul,0.8721148047614339,0.04846250586683639,0.07892734500526216,0.00014948536645037713,-0.00019730211410375862,0.00027668720001374153,0.000266473914107194,2154057,1878585,104391,170014,322,-425,596,574
133,83,134,Aravakurichi,Karur,Karur,0.934447484462998,0.050147143166069635,0.014750044660066379,0.00012410797393732546,0.0004484810876371534,0.0005171165580721895,-0.0004343779087806392,1063590,993869,53336,15688,132,477,550,-462
134,84,135,Karur,Karur,Karur,0.9334379101165364,0.050658721084143946,0.015316649863036332,0.0006139426949268057,-0.0001868113093125907,0.0001473837967943555,1.2203753874691856e-05,1065246,994341,53964,16316,654,-199,157,13
135,85,136,Krishnarayapuram,Karur,Karur,0.9348233538056056,0.04976792451766086,0.015349504360462384,-0.00041828104350310845,0.0008196428537858664,0.00017201220440689628,-0.0005141566984184277,1063878,994538,52947,16330,-445,872,183,-547
136,86,137,Kulithalai,Karur,Karur,0.9356627685818127,0.04990490179462554,0.015010451386927292,0.0006882850309775342,-0.0005687060994670735,-0.0008427019189123025,0.0001450012240363068,1062060,993730,53002,15942,731,-604,-895,154
137,176,138,Manapaarai,Tiruchirappalli,Tiruchirappalli,0.8384339508323305,0.07013494677432586,0.09042092372120981,-8.497861371554826e-05,0.00045358714593623806,0.000325935288969592,0.00031563485094346496,2718331,2279141,190650,245794,-231,1233,886,858
138,177,139,Srirangam,Tiruchirappalli,Tiruchirappalli,0.8385987062909664,0.06991054108352086,0.09081972797749713,-4.819310794410041e-05,0.0004484534243042626,9.93293064496726e-05,0.00017143502520573122,2718231,2279505,190033,246869,-131,1219,270,466
139,178,140,Tiruchirappalli (West),Tiruchirappalli,Tiruchirappalli,0.8388226902743979,0.07012060023348629,0.09051715888697998,0.00020058327407845787,-5.888683275697846e-05,6.403943062321408e-05,0.0003338147331911216,2717076,2279145,190523,245942,545,-160,174,907
140,179,141,Tiruchirappalli (East),Tiruchirappalli,Tiruchirappalli,0.8386620086346938,0.07020037653119807,0.09082794569094652,-0.00016366124549517825,0.00046119371202461466,-2.4641131344217847e-05,3.677780797644455e-05,2719031,2280348,190877,246964,-445,1254,-67,100
141,180,142,Thiruverumbur,Tiruchirappalli,Tiruchirappalli,0.8381933684878532,0.0705036616636064,0.09051578019282286,5.331270438068654e-05,0.00021803057722584218,2.720786292531589e-05,0.0004886385111857408,2719802,2279720,191756,246185,145,593,74,1329
142,181,143,Lalgudi,Tiruchirappalli,Tiruchirappalli,0.8395183720057137,0.07023919658420072,0.09075455077000277,-0.0002442698817446396,-0.00012010856930430243,-2.5790183592948373e-06,-0.00014516189050888084,2714211,2278630,190644,246327,-663,-326,-7,-394
143,182,144,Manachanallur,Tiruchirappalli,Tiruchirappalli,0.837835731774062,0.07031534003507331,0.09040475456215882,0.0003521298896157337,0.0003043460841355193,0.0004568866939377421,0.0003308109610168688,2720587,2279405,191299,245954,958,828,1243,900
144,183,145,Musiri,Tiruchirappalli,Tiruchirappalli,0.8386585237947157,0.07059384206042384,0.09032736479710596,9.936315577382738e-05,8.096257137126675e-05,0.00018032572714509412,5.9617893464296426e-05,2717305,2278891,191825,245447,270,220,490,162
145,184,146,Thuraiyur,Tiruchirappalli,Tiruchirappalli,0.8382828416554504,0.07026691085074616,0.09017195854754602,0.00035340497046990727,0.0003802505093297441,6.325250251906768e-05,0.0004813809639387186,2719260,2279509,191074,245201,961,1034,172,1309
146,118,147,Perambalur,Perambalur,Perambalur,0.925762697435861,0.057218712645472056,0.01830970428515183,-0.0016227605018320345,0.0019544066371791277,-0.00011350455969098384,-0.0015092559421410506,563854,521995,32263,10324,-915,1102,-64,-851
147,119,148,Kunnam,Perambalur,Perambalur,0.9186265444329961,0.059387246484020675,0.019092406189180382,0.0011659753595237466,0.00036811004552940034,0.0012628464241367468,9.687106461300009e-05,567765,521564,33718,10840,662,209,717,55
148,0,149,Ariyalur,Ariyalur,Ariyalur,0.9393027634859173,0.011349652575186973,0.05059406990929825,-0.0005357237574921763,0.0009096695486129528,-0.0004720734100673633,-0.0011483583514560016,754120,708347,8559,38154,-404,686,-356,-866
149,1,150,Jayankondam,Ariyalur,Ariyalur,0.939827551410605,0.011015040788579197,0.05024749320190347,0.0009427047926580558,0.00042355328008157714,-0.001301198164513936,-0.0011551453093133922,753152,707833,8296,37844,710,319,-980,-870
150,40,151,Tittakudi,Cuddalore,Cuddalore,0.9195405348557577,0.04739657054613397,0.03180548714156677,0.00017688300611899842,0.0003314633723360362,0.0006529290095436072,9.613206854293392e-05,2600589,2391347,123259,82713,460,862,1698,250
151,41,152,Vriddhachalam,Cuddalore,Cuddalore,0.9194780018985524,0.04731501705736681,0.032343827916871244,-0.0001741685374725723,0.00022645754651511057,0.0006666848652923629,0.00014417925287464595,2600929,2391497,123063,84124,-453,589,1734,375
152,42,153,Neyveli,Cuddalore,Cuddalore,0.9188985848059728,0.04751024987800052,0.03233197692960918,0.0003896298516409411,4.649429196109849e-05,0.0008603365264537151,-3.7272283638235984e-05,2602470,2391406,123644,84143,1014,121,2239,-97
153,43,154,Panruti,Cuddalore,Cuddalore,0.9197702745054307,0.047443659764775555,0.03229462083180318,-5.921949475003797e-05,0.00028802208810245743,0.0001095945195049404,0.00015304778513321502,2600495,2391858,123377,83982,-154,749,285,398
154,44,155,Cuddalore,Cuddalore,Cuddalore,0.9192776333929145,0.04769208779487684,0.031816498194890366,0.0004537748999850919,0.00044839568863895194,0.0006662537481576201,-0.0003546437194633699,2602612,2392523,124124,82806,1181,1167,1734,-923
155,45,156,Kurinjipadi,Cuddalore,Cuddalore,0.9195260479827011,0.04759821197191384,0.032032939949724205,-1.2303651031545792e-05,0.00024530404244144425,0.00027952357187293095,0.00033027613237805736,2600854,2391553,123796,83313,-32,638,727,859
156,46,157,Bhuvanagiri,Cuddalore,Cuddalore,0.9190581691680227,0.047835047741628924,0.032345208287440856,0.0002733365395594092,-0.00013839824787818187,0.0005262977815145305,0.00010033872971168185,2601189,2390644,124428,84136,711,-360,1369,261
157,47,158,Chidambaram,Cuddalore,Cuddalore,0.9197611686926784,0.047540992429268986,0.03192323630875543,-0.0001645309675727915,0.00044707830674569276,0.000777677914485414,-0.0002856226843611778,2601334,2392606,123670,83043,-428,1163,2023,-743
158,48,159,Kattumannarkoil,Cuddalore,Cuddalore,0.9195699968614033,0.04755589471546467,0.03173636710504452,0.0005454081098878106,0.000369246675241395,0.00014539087837629928,7.769565458204354e-05,2599888,2390779,123640,82511,1418,960,378,202
159,103,160,Sirkazhi,Nagapattinam,Nagapattinam,0.8897002279722368,0.07921895806959132,0.028796753982697904,-0.00011153846868836338,0.0007138461996055257,0.0011060898144929368,0.000575662430063831,1613793,1435792,127843,46472,-180,1152,1785,929
160,104,161,Mayiladuthurai,Nagapattinam,Nagapattinam,0.8910875898353303,0.07955574604476082,0.02912124430861736,-7.081229152302332e-05,-0.00019069625875059787,0.00033729012541229526,0.00015963823615278063,1609890,1434553,128076,46882,-114,-307,543,257
161,105,162,Poompuhar,Nagapattinam,Nagapattinam,0.8896641521542257,0.07976773486987429,0.029314366913988314,0.00035184178022029753,0.0003964414425017437,0.0010778251718016158,-0.0005723623326118925,1614362,1436240,128774,47324,568,640,1740,-924
162,106,163,karaikal,Nagapattinam,Nagapattinam,0.8914784459263987,0.07919611916170118,0.02930184394450908,-0.0004277414876960689,0.00020052322282413678,9.498468449564374e-05,0.00015582454776736325,1610786,1435981,127568,47199,-689,323,153,251
163,107,164,Kilvelur,Nagapattinam,Nagapattinam,0.8890955279266157,0.07952650966228451,0.029931902012222462,8.670169415110371e-05,0.0006236329000725817,0.0005654189054282692,0.00017030689922538229,1614732,1435651,128414,48332,140,1007,913,275
164,108,165,Vedaranyam,Nagapattinam,Nagapattinam,0.8899832342403721,0.07930973717096731,0.0296770078269168,5.1501038087189395e-05,0.0007507982660903515,0.000308385734088351,-8.066427652210388e-05,1611618,1434313,127817,47828,83,1210,497,-130
165,166,166,Thiruthuraipoondi,Thiruvarur,Thiruvarur,0.8977444181004425,0.07669881832359168,0.025582121438805137,-0.0005380621521218192,-6.41870903120285e-05,0.0009548820225431401,-0.0003779906429486123,1261936,1132896,96789,32283,-679,-81,1205,-477
166,167,167,Mannargudi,Thiruvarur,Thiruvarur,0.8965723181387432,0.07622739835687696,0.026642608873117552,0.0003852305608862043,2.3730835372866796e-05,0.0005181232389742584,-0.00036941000397095977,1264178,1133427,96365,33681,487,30,655,-467
167,168,168,Thiruvarur,Thiruvarur,Thiruvarur,0.8964570555913317,0.07684630501369921,0.02631801983554604,-0.0004316896650325827,-0.0002598058901480498,0.0006019892576601153,0.00046812585694358966,1262481,1131760,97017,33226,-545,-328,760,591
168,169,169,Nannilam,Thiruvarur,Thiruvarur,0.8966268310725546,0.07593684851793393,0.025821534956030522,0.0008172823975726792,0.0005213834462733742,-0.00011155548698717111,0.000387675096622084,1263945,1133287,95980,32637,1033,659,-141,490
169,154,170,Thiruvidaimarudur,Thanjavur,Thanjavur,0.8636652348367547,0.0793321179428267,0.0558842382165393,0.0004162296255598288,0.0006618051046401278,0.0003654496112415297,-0.00032507533756222635,2402520,2074973,190597,134263,1000,1590,878,-781
170,155,171,Kumbakonam,Thanjavur,Thanjavur,0.8637627174488224,0.07957661753302293,0.055777890193128836,-0.00019094893717571963,0.0005204294562240201,0.00022090171163465603,0.0003323925943429193,2403784,2076299,191285,134078,-459,1251,531,799
171,156,172,Papanasam,Thanjavur,Thanjavur,0.8634674347107755,0.0793625710736746,0.055835952831157686,0.0004894534630391942,0.000782210674576656,0.00010396207796074641,-4.158483118429857e-05,2404723,2076400,190845,134270,1177,1881,250,-100
172,157,173,Thiruvaiyaru,Thanjavur,Thanjavur,0.8643991118627969,0.07956451283674855,0.05571769567553832,-0.00029118569649202466,0.00017996025877618693,0.0005598763606370259,-0.0001299712980050239,2400530,2075016,190997,133752,-699,432,1344,-312
173,158,174,Thanjavur,Thanjavur,Thanjavur,0.8642526176986229,0.0792943327178613,0.05586990508188997,-0.0002647251270763857,-6.0770233574138854e-05,0.000737151257943835,0.0001714886043325014,2402492,2076360,190504,134227,-636,-146,1771,412
174,159,175,Orathanadu,Thanjavur,Thanjavur,0.8634644891793204,0.07896427934161288,0.0556575282241075,0.00046709166601157374,0.00044712692872879943,0.000880944032602416,0.00011854062761647241,2404239,2075975,189849,133814,1123,1075,2118,285
175,160,176,Pattukkottai,Thanjavur,Thanjavur,0.8632243465345258,0.07974438949665039,0.0558087644896335,0.00045157633823150896,0.0004465865444388956,0.00010312240504734275,0.00022121419147252557,2404909,2075976,191778,134215,1086,1074,248,532
176,161,177,Peravurani,Thanjavur,Thanjavur,0.8630146614199294,0.07966298779559683,0.055961176806227544,0.00022540675105695804,0.00013391323586778688,0.0005560310445814629,0.0004458229467399613,2404542,2075155,191553,134561,542,322,1337,1072
177,120,178,Gandharvakottai,Pudukkottai,Pudukkottai,0.8839225812515342,0.07068687157245934,0.04548948171287837,-0.00025537477330078387,2.2878611651644074e-05,0.00034503419734101064,-0.00021147257256384525,1617231,1429507,114317,73567,-413,37,558,-342
178,121,179,Viralimalai,Pudukkottai,Pudukkottai,0.8836628046107222,0.07059851458118326,0.04550988846682542,0.00030299526276182035,-7.667635220911373e-05,0.000263420371299052,-0.00026094694058262895,1617187,1429048,114171,73598,490,-124,426,-422
179,122,180,Pudukkottai,Pudukkottai,Pudukkottai,0.883915944614707,0.07064520080323769,0.045388126384972576,-0.0006062638187939309,0.0002499291661150491,0.00048315514538577555,-7.609229562413623e-05,1616458,1428813,114195,73368,-980,404,781,-123
180,123,181,Thirumayam,Pudukkottai,Pudukkottai,0.8847101335350327,0.07050295678525581,0.045436820610965795,-0.00017640439562616132,-0.0003651880470857375,-0.0002884366609185655,0.00018011817237618578,1615606,1429343,113905,73408,-285,-590,-466,291
181,124,182,Alangudi,Pudukkottai,Pudukkottai,0.8823370756003778,0.07074180826179,0.04536331261611006,0.0004493189238564895,0.00034501274510409014,0.00043265462310906476,0.00033081722965258017,1620230,1429589,114618,73499,728,559,701,536
182,125,183,Aranthangi,Pudukkottai,Pudukkottai,0.8834758847512743,0.07052477674500555,0.045177723030889405,0.0005242512573065974,-0.0004074075218927449,4.203901591609507e-05,0.0006627327215007929,1617545,1429062,114077,73077,848,-659,68,1072
183,145,184,Karaikudi,Sivaganga,Sivaganga,0.8863449774058527,0.05497971419841763,0.0566822125157158,0.00041236466483044864,0.0005475784407984037,0.00046839247255197697,0.0005647603018330057,1338621,1186480,73597,75876,552,733,627,756
184,146,185,"Tiruppattur, Sivaganga",Sivaganga,Sivaganga,0.8882962186054352,0.055144307306201186,0.057135579570355664,-0.0003168954731893694,-0.00012810668065102167,0.0001925346019141086,-0.00032363793006573893,1334825,1185720,73608,76266,-423,-171,257,-432
185,147,186,Sivaganga,Sivaganga,Sivaganga,0.8871611173565694,0.055345405446671686,0.05643141663460775,0.00040117298189781765,0.0006032563869582854,0.0007117826600463145,-0.0006541514667512922,1336082,1185320,73946,75397,536,806,951,-874
186,148,187,Manamadurai,Sivaganga,Sivaganga,0.8886682408447506,0.05601770912875913,0.05598548618797365,-0.0005920028655936177,0.0006249751770950344,1.27393021710019e-05,-0.0007171477751558129,1334453,1185886,74753,74710,-790,834,17,-957
187,93,188,Melur,Madurai,Madurai,0.9121773433971788,0.05551314016361733,0.0319011834059534,-0.000104065457503136,-0.00017872829367998914,0.0004327801566003434,0.0002583466278331821,3026941,2761107,168035,96563,-315,-541,1310,782
188,94,189,Madurai East,Madurai,Madurai,0.9118914845416615,0.05553365867002686,0.03215725583311556,-0.00011100784884959857,0.00011794583940269848,0.00042916427278460876,-1.8501308141599762e-05,3026813,2760125,168090,97334,-336,357,1299,-56
189,95,190,Sholavandan,Madurai,Madurai,0.9114212490119099,0.05545087438754916,0.03214597494583038,0.0002663511379332538,-0.00010693651634494947,0.0006287471099911381,0.0001937399231311276,3029835,2761456,168007,97397,807,-324,1905,587
190,96,191,Madurai North,Madurai,Madurai,0.911554693519394,0.05569963800866124,0.03253529671499713,-3.996072620198397e-05,0.00015786138119461434,0.0003130807309048,-0.00022060962894979578,3027973,2760163,168657,98516,-121,478,948,-668
191,97,192,Madurai South,Madurai,Madurai,0.910154010298126,0.05570760628411869,0.032512918816780464,0.0004639003435236446,0.00022189405201948316,0.0006630444853063605,0.0002766257201253289,3032979,2760478,168960,98611,1407,673,2011,839
192,98,193,Madurai Central,Madurai,Madurai,0.9108604955141905,0.05595038655754947,0.03199846657037644,0.0004780420663821948,0.00010887086397938183,0.0004526388647870057,0.00015109956273502085,3031114,2760922,169592,96991,1449,330,1372,458
193,99,194,Madurai West,Madurai,Madurai,0.9113657979208222,0.05582044304717118,0.03258094131011981,1.8493322589593544e-05,-0.00027013460496942,0.0003213214799941878,0.0001631375242724859,3028120,2759725,169031,98659,56,-818,973,494
194,100,195,Thiruparankundram,Madurai,Madurai,0.9112320772539813,0.05593141490436855,0.03244459866948982,0.0001261240975276045,-0.00010994587559343534,0.00023276829517529103,0.00014296265505092342,3028763,2759906,169403,98267,382,-333,705,433
195,101,196,Tirumangalam,Madurai,Madurai,0.9108623655615977,0.05555929476710541,0.032288311686597765,0.00032465154397543736,0.00041901164720407056,0.0004351782383166685,0.0001111865552029699,3030942,2760771,168397,97864,984,1270,1319,337
196,102,197,Usilampatti,Madurai,Madurai,0.9113160979782804,0.05569762130449362,0.03208360947042407,-0.00020792792887940707,-2.9373945508360684e-05,0.0007934265730572931,0.00034654654813234516,3029896,2761193,168758,97210,-630,-89,2404,1050
197,162,198,Andipatti,Theni,Theni,0.9239957861215431,0.046177352815819736,0.030509605873696232,-0.0004728550634896382,0.0005878521282498733,-0.00011580124003827875,-0.0006819406357809749,1243510,1148998,57422,37939,-588,731,-144,-848
198,163,199,Periyakulam,Theni,Theni,0.9251379926296648,0.04625287652274666,0.029405706377431968,-0.000642088154358636,6.195587454337715e-05,-0.00016816594518916659,-4.827730483899519e-05,1242820,1149780,57484,36546,-798,77,-209,-60
199,164,200,Bodinayakanur,Theni,Theni,0.9239578513693477,0.04628463602750363,0.03026445489621765,-0.0005383244350208611,-0.0005648785551339977,0.000589823334634217,6.43736245166949e-06,1242745,1148244,57520,37611,-669,-702,733,8
200,165,201,Cumbum,Theni,Theni,0.924658388140565,0.045053595399972814,0.03066121771386885,2.252076535212423e-05,-0.0005686493251411368,-7.23881743461136e-06,0.00018016612281699385,1243297,1149625,56015,38121,28,-707,-9,224
201,227,202,Rajapalayam,Virudhunagar,Virudhunagar,0.9403718411552346,0.024589994842702426,0.035161939143888606,-7.942238267148014e-05,0.00038318720990201136,-2.2176379577101598e-05,-0.00040536358947911293,1939000,1823381,47680,68179,-154,743,-43,-786
202,228,203,Srivilliputhur,Virudhunagar,Virudhunagar,0.9408064257160809,0.024534749430423955,0.03488598411846975,0.00016262538287952248,6.711523737885055e-06,-7.589184534377715e-05,-0.00032060432624820146,1936967,1822311,47523,67573,315,13,-147,-621
203,229,204,Sattur,Virudhunagar,Virudhunagar,0.9410285143263288,0.02432102786396246,0.0347299467269406,7.535962283024935e-05,-0.00027614656311084523,-0.00023433745729406307,0.0003556354803427521,1937377,1823127,47119,67285,146,-535,-454,689
204,230,205,Sivakasi,Virudhunagar,Virudhunagar,0.9394284424220994,0.02475643033201347,0.0349883665910349,0.00025204860363011843,0.0003221480107746912,5.0512808089471586e-05,0.00020205123235788634,1940102,1822587,48030,67881,489,625,98,392
205,231,206,Virudhunagar,Virudhunagar,Virudhunagar,0.9415802622779336,0.024287118570836437,0.034544528020656426,-4.186275837332691e-05,0.00031216180317888216,-0.0005101054631416501,-0.00017210245109034397,1934894,1821858,46993,66840,-81,604,-987,-333
206,232,207,Aruppukkottai,Virudhunagar,Virudhunagar,0.9407992870718261,0.024404159229574954,0.03473253060071737,-0.00014043776309491786,-0.0004202806586737615,-5.6794683604562365e-06,0.0006304209880106423,1936801,1822141,47266,67270,-272,-814,-11,1221
207,233,208,Tiruchuli,Virudhunagar,Virudhunagar,0.940590103822017,0.024196920129207156,0.03458841285588488,-9.807190632171508e-06,0.00037783492330260756,0.00028905403968505495,-3.2518579464568684e-05,1937354,1822256,46878,67010,-19,732,560,-63
208,126,209,Paramakudi,Ramanathapuram,Ramanathapuram,0.7780088444289904,0.15517871630959068,0.06724039550289317,-0.00047104905745609736,0.00021620705949483332,-0.0007192042391443253,0.00054608999563128,1345932,1047147,208860,90501,-634,291,-968,735
209,127,210,Tiruvadanai,Ramanathapuram,Ramanathapuram,0.7769012943483263,0.15358284548906959,0.0680514000283396,0.0009021193126978487,-4.45124660870649e-05,0.0004102565624357815,0.00019659672521786997,1347937,1047214,207020,91729,1216,-60,553,265
210,128,211,Ramanathapuram,Ramanathapuram,Ramanathapuram,0.7778392211164898,0.15509141059288115,0.06803041147959771,-9.513807284454662e-05,-2.6014316793430717e-05,-0.0005165700048981242,-0.0003233207944326389,1345413,1046515,208662,91529,-128,-35,-695,-435
211,129,212,Mudhukulathur,Ramanathapuram,Ramanathapuram,0.7769675344032105,0.1543832485766362,0.06755175497528486,0.0007355961814253066,0.0003744718463909071,-0.0003485183520865868,0.0003359123691387741,1348566,1047792,208196,91098,992,505,-470,453
212,170,213,Vilathikulam,Thoothukudi,Thoothukkudi,0.7865190136276631,0.04596175650520405,0.16681273318680917,0.0001990776070871628,-8.29490029529845e-05,0.0002831707342188092,0.00030719734197070815,1748062,1374884,80344,291599,348,-145,495,537
213,171,214,Thoothukudi,Thoothukudi,Thoothukkudi,0.7867702311601158,0.04619196173333173,0.1665879745919029,0.00028443608114612286,2.632607592096912e-05,-0.00022777778731621108,0.0003668481448987219,1747317,1374737,80712,291082,497,46,-398,641
214,172,215,Tiruchendur,Thoothukudi,Thoothukkudi,0.7866540847207277,0.04615099022664691,0.1670184569584005,-0.00022115806613886663,0.0004698176534556234,-0.0004824225173288231,0.00041023102423686143,1745358,1372993,80550,291507,-386,820,-842,716
215,173,216,Tiruvaikuntam,Thoothukudi,Thoothukkudi,0.7848403988088714,0.04650334319850926,0.16707429025539844,0.00038421663195586247,0.000641122255106142,0.000299152325623881,0.00025747652453505794,1751616,1374739,81456,292650,673,1123,524,451
216,174,217,Ottapidaram,Thoothukudi,Thoothukkudi,0.7851255495490139,0.04656368594978018,0.1668674034191366,0.0004870271849199921,0.000588776995853981,5.2018161769623564e-05,0.00031553873952562864,1749389,1373490,81458,291916,852,1030,91,552
217,175,218,Kovilpatti,Thoothukudi,Thoothukkudi,0.7863592437552097,0.04647983438825329,0.16717466176915116,-0.00032231545007373755,0.00030571305566496596,-0.0003120105156131207,0.0003148729974077365,1746736,1373562,81188,292010,-563,534,-545,550
218,149,219,Sankarankovil,Tenkasi,Tirunelveli,0.7892033583564708,0.0985761508273384,0.1113647300986012,0.00030618662937328706,0.00022418978495026014,0.00015423215974807447,0.00017115214351790542,3073289,2425450,302953,342256,941,689,474,526
219,150,220,Vasudevanallur,Tenkasi,Tirunelveli,0.7894329186476432,0.09859055464305973,0.1112742285541152,-1.6271968377707533e-06,0.00011650729358438594,0.0003267411250243673,0.0002606769334108747,3072769,2425745,302946,341920,-5,358,1004,801
220,151,221,Kadayanallur,Tenkasi,Tirunelveli,0.7887682516885739,0.09877279184489057,0.11134798411855923,0.0003148188620729131,0.0002530259036081884,0.0003727091073714446,0.00017041847492376701,3074784,2425292,303705,342371,968,778,1146,524
221,152,222,Tenkasi,Tenkasi,Tirunelveli,0.7890319024959673,0.09864858973516419,0.11145962589444958,0.0003116787119535618,-0.00015030852288365926,0.0002986649870285697,0.0003998466983203836,3073678,2425230,303214,342591,958,-462,918,1229
222,153,223,Alangulam,Tenkasi,Tirunelveli,0.789820957121242,0.09859687582961854,0.11168216916644814,-0.0001791568876865471,-0.0001436512499450314,-0.00013648497443756954,0.0003592909947604754,3069935,2424699,302686,342857,-550,-441,-419,1103
223,185,224,Tirunelveli,Tirunelveli,Tirunelveli,0.7896716400800626,0.09860176890855646,0.11115601736992907,0.000227968920671375,0.00027095734571226285,-0.00010747106260221963,0.00017911843767036607,3070594,2424761,302766,341315,700,832,-330,550
224,186,225,Ambasamudram,Tirunelveli,Tirunelveli,0.7897592026622205,0.09877708070629197,0.11130157669691,4.753500090023478e-05,-0.00015986085919188545,9.637233059225681e-05,0.000178093462276907,3071421,2425683,303386,341854,146,-491,296,547
225,187,226,Palayamkottai,Tirunelveli,Tirunelveli,0.7899076773930631,0.09851979572470852,0.11131908844252306,-2.2477188097253907e-05,0.0003759228270178407,-0.00027005201351628245,0.00017004481430096433,3069779,2424842,302434,341725,-69,1154,-829,522
226,188,227,Nanguneri,Tirunelveli,Tirunelveli,0.7899976028276211,0.09881268312638179,0.11121414175366187,-0.00021105539422411738,0.0002061698526911517,-3.4850196268488515e-05,1.5308030136625796e-05,3070284,2425517,303383,341459,-648,633,-107,47
227,189,228,Radhapuram,Tirunelveli,Tirunelveli,0.7892305499066521,0.09873270719469232,0.11156935218866441,0.00036193486734696536,0.00044786185024228806,-0.00023987949391610924,-0.00010252651368191915,3072376,2424813,303344,342783,1112,1376,-737,-315
228,77,229,Kanniyakumari,Kanniyakumari,Kanniyakumari,0.48736344742012755,0.04258453688465989,0.46901255863346475,-0.00016012244279371357,0.0007556279825482603,-2.7311854790900974e-05,0.0004712633767841737,1867321,910064,79519,875797,-299,1411,-51,880
229,78,230,Nagercoil,Kanniyakumari,Kanniyakumari,0.4876755523486141,0.04195672987748459,0.4694006319294864,0.00048515115809065945,0.000373110724896242,-1.232980843766317e-05,0.00012115376986573374,1865398,909709,78266,875619,905,696,-23,226
230,79,231,Colachal,Kanniyakumari,Kanniyakumari,0.4883622057713423,0.04196296836398573,0.46937620093329674,-0.00012759916277793026,0.0006674830153719462,-0.00019032648229481196,-5.0932438923963764e-05,1865216,910901,78270,875488,-238,1245,-355,-95
231,80,232,Padmanabhapuram,Kanniyakumari,Kanniyakumari,0.48719528661382894,0.042587004325033324,0.469114482646286,0.0005518811108777375,0.0002850492728028702,-6.911909058565837e-05,0.0003354151217567608,1866344,909274,79482,875529,1030,532,-129,626
232,81,233,Vilavancode,Kanniyakumari,Kanniyakumari,0.4876350420577347,0.042047018720366834,0.4692699115874029,0.00040453009409209247,0.0003750610143900195,-0.0001730638680685376,0.00044150039408196584,1866363,910104,78475,875828,755,700,-323,824
233,82,234,Killiyoor,Kanniyakumari,Kanniyakumari,0.4878394387416757,0.04179284176730271,0.47043478634111163,0.00016257004461823403,5.043427126770297e-05,-0.00028704611838533073,6.974952409363176e-06,1863812,909241,77894,876802,303,94,-535,13
